"subjID","Mag","Val","cond1","cond2","choice","ACC","absOut","rltOut"
201,"Hi","loss",3,3,1,0,-1,0
201,"Hi","loss",3,3,1,0,-1,0
201,"Lo","gain",2,2,1,0,0,0
201,"Hi","loss",3,3,2,1,0,1
201,"Lo","gain",2,2,2,1,0,0
201,"Lo","loss",4,4,1,0,-0.1,0
201,"Hi","gain",1,1,2,1,1,1
201,"Lo","gain",2,2,1,0,0.1,1
201,"Hi","gain",1,1,2,1,1,1
201,"Lo","loss",4,4,1,0,-0.1,0
201,"Lo","loss",4,4,2,1,0,1
201,"Lo","gain",2,2,2,1,0.1,1
201,"Hi","loss",3,3,1,0,-1,0
201,"Lo","loss",4,4,2,1,0,1
201,"Hi","gain",1,1,2,1,0,0
201,"Hi","gain",1,1,2,1,1,1
201,"Hi","gain",1,1,1,0,0,0
201,"Hi","loss",3,3,2,1,0,1
201,"Lo","gain",2,2,2,1,0.1,1
201,"Hi","gain",1,1,2,1,1,1
201,"Lo","loss",4,4,2,1,0,1
201,"Lo","loss",4,4,2,1,0,1
201,"Lo","loss",4,4,2,1,0,1
201,"Lo","gain",2,2,2,1,0.1,1
201,"Hi","loss",3,3,2,1,0,1
201,"Hi","gain",1,1,2,1,0,0
201,"Lo","gain",2,2,2,1,0,0
201,"Hi","gain",1,1,2,1,1,1
201,"Lo","gain",2,2,2,1,0.1,1
201,"Hi","loss",3,3,2,1,0,1
201,"Hi","loss",3,3,2,1,-1,0
201,"Lo","loss",4,4,2,1,-0.1,0
201,"Hi","gain",1,1,2,1,0,0
201,"Hi","loss",3,3,2,1,-1,0
201,"Lo","gain",2,2,1,0,0.1,1
201,"Lo","loss",4,4,1,0,-0.1,0
201,"Lo","gain",2,2,2,1,0.1,1
201,"Lo","gain",2,2,2,1,0.1,1
201,"Hi","gain",1,1,2,1,1,1
201,"Hi","loss",3,3,1,0,-1,0
201,"Lo","loss",4,4,2,1,0,1
201,"Lo","loss",4,4,2,1,0,1
201,"Hi","gain",1,1,2,1,1,1
201,"Hi","loss",3,3,2,1,0,1
201,"Hi","loss",3,3,2,1,0,1
201,"Lo","loss",4,4,2,1,0,1
201,"Lo","gain",2,2,2,1,0,0
201,"Hi","gain",1,1,2,1,1,1
201,"Hi","loss",3,3,1,0,-1,0
201,"Lo","gain",2,2,2,1,0.1,1
201,"Lo","loss",4,4,2,1,0,1
201,"Hi","gain",1,1,2,1,1,1
201,"Hi","loss",3,3,2,1,-1,0
201,"Hi","gain",1,1,2,1,1,1
201,"Hi","gain",1,1,2,1,0,0
201,"Hi","gain",1,1,2,1,1,1
201,"Hi","loss",3,3,1,0,0,1
201,"Lo","gain",2,2,2,1,0.1,1
201,"Lo","loss",4,4,1,0,-0.1,0
201,"Lo","gain",2,2,2,1,0,0
201,"Hi","loss",3,3,2,1,0,1
201,"Lo","gain",2,2,2,1,0.1,1
201,"Lo","loss",4,4,1,0,0,1
201,"Lo","loss",4,4,2,1,0,1
201,"Hi","gain",1,1,2,1,1,1
201,"Lo","gain",2,2,2,1,0.1,1
201,"Lo","loss",4,4,2,1,0,1
201,"Lo","loss",4,4,1,0,-0.1,0
201,"Hi","loss",3,3,1,0,-1,0
201,"Lo","loss",4,4,2,1,-0.1,0
201,"Lo","gain",2,2,2,1,0.1,1
201,"Hi","loss",3,3,2,1,0,1
201,"Hi","gain",1,1,2,1,0,0
201,"Hi","gain",1,1,2,1,1,1
201,"Hi","loss",3,3,1,0,0,1
201,"Lo","gain",2,2,2,1,0.1,1
201,"Hi","loss",3,3,1,0,-1,0
201,"Hi","gain",1,1,2,1,1,1
201,"Lo","gain",2,2,2,1,0,0
201,"Lo","loss",4,4,2,1,0,1
201,"Lo","loss",8,4,2,1,0,1
201,"Hi","gain",5,1,1,0,0,0
201,"Hi","loss",7,3,1,0,-1,0
201,"Lo","gain",6,2,2,1,0.1,1
201,"Lo","loss",8,4,1,0,-0.1,0
201,"Hi","gain",5,1,2,1,1,1
201,"Lo","gain",6,2,1,0,0,0
201,"Hi","loss",7,3,2,1,0,1
201,"Lo","gain",6,2,2,1,0.1,1
201,"Hi","gain",5,1,2,1,0,0
201,"Lo","gain",6,2,2,1,0,0
201,"Lo","loss",8,4,1,0,-0.1,0
201,"Hi","loss",7,3,2,1,0,1
201,"Hi","loss",7,3,2,1,0,1
201,"Lo","loss",8,4,2,1,0,1
201,"Hi","gain",5,1,2,1,1,1
201,"Lo","loss",8,4,2,1,-0.1,0
201,"Hi","gain",5,1,2,1,1,1
201,"Lo","loss",8,4,1,0,-0.1,0
201,"Hi","gain",5,1,2,1,1,1
201,"Lo","gain",6,2,2,1,0.1,1
201,"Hi","gain",5,1,2,1,1,1
201,"Lo","gain",6,2,2,1,0.1,1
201,"Lo","gain",6,2,2,1,0,0
201,"Lo","loss",8,4,1,0,-0.1,0
201,"Lo","gain",6,2,2,1,0.1,1
201,"Hi","loss",7,3,2,1,0,1
201,"Hi","gain",5,1,2,1,0,0
201,"Lo","loss",8,4,2,1,0,1
201,"Hi","loss",7,3,2,1,-1,0
201,"Hi","loss",7,3,2,1,0,1
201,"Hi","loss",7,3,1,0,-1,0
201,"Lo","loss",8,4,2,1,0,1
201,"Lo","gain",6,2,2,1,0,0
201,"Hi","loss",7,3,2,1,-1,0
201,"Hi","gain",5,1,2,1,1,1
201,"Hi","gain",5,1,2,1,0,0
201,"Hi","loss",7,3,1,0,0,1
201,"Hi","loss",7,3,1,0,-1,0
201,"Lo","loss",8,4,2,1,0,1
201,"Lo","gain",6,2,2,1,0.1,1
201,"Lo","loss",8,4,2,1,-0.1,0
201,"Lo","gain",6,2,2,1,0.1,1
201,"Hi","loss",7,3,2,1,0,1
201,"Hi","gain",5,1,2,1,1,1
201,"Lo","loss",8,4,2,1,0,1
201,"Lo","gain",6,2,2,1,0.1,1
201,"Hi","gain",5,1,2,1,1,1
201,"Hi","gain",5,1,2,1,1,1
201,"Lo","gain",6,2,2,1,0.1,1
201,"Hi","gain",5,1,2,1,0,0
201,"Lo","gain",6,2,2,1,0.1,1
201,"Hi","loss",7,3,1,0,-1,0
201,"Hi","loss",7,3,1,0,-1,0
201,"Lo","loss",8,4,2,1,0,1
201,"Lo","loss",8,4,2,1,0,1
201,"Lo","gain",6,2,2,1,0,0
201,"Lo","loss",8,4,2,1,-0.1,0
201,"Lo","loss",8,4,2,1,0,1
201,"Hi","loss",7,3,2,1,-1,0
201,"Lo","gain",6,2,2,1,0.1,1
201,"Hi","loss",7,3,2,1,0,1
201,"Hi","gain",5,1,2,1,1,1
201,"Hi","gain",5,1,2,1,1,1
201,"Lo","loss",8,4,2,1,-0.1,0
201,"Lo","loss",8,4,2,1,0,1
201,"Hi","gain",5,1,2,1,1,1
201,"Hi","gain",5,1,2,1,1,1
201,"Hi","loss",7,3,2,1,-1,0
201,"Hi","gain",5,1,2,1,0,0
201,"Lo","gain",6,2,2,1,0.1,1
201,"Lo","gain",6,2,2,1,0.1,1
201,"Hi","gain",5,1,2,1,1,1
201,"Hi","loss",7,3,2,1,0,1
201,"Lo","loss",8,4,1,0,-0.1,0
201,"Lo","loss",8,4,1,0,0,1
201,"Hi","loss",7,3,2,1,0,1
201,"Lo","gain",6,2,2,1,0,0
201,"Hi","loss",7,3,2,1,0,1
201,"Lo","gain",6,2,2,1,0.1,1
202,"Hi","gain",1,1,1,0,0,0
202,"Lo","gain",2,2,1,0,0,0
202,"Lo","loss",4,4,1,0,-0.1,0
202,"Hi","loss",3,3,2,1,0,1
202,"Hi","gain",1,1,1,0,0,0
202,"Lo","gain",2,2,1,0,0,0
202,"Lo","loss",4,4,2,1,0,1
202,"Hi","loss",3,3,1,0,-1,0
202,"Hi","gain",1,1,2,1,1,1
202,"Hi","gain",1,1,1,0,0,0
202,"Lo","loss",4,4,2,1,-0.1,0
202,"Lo","gain",2,2,1,0,0,0
202,"Hi","loss",3,3,1,0,-1,0
202,"Lo","gain",2,2,2,1,0,0
202,"Hi","loss",3,3,1,0,-1,0
202,"Lo","loss",4,4,2,1,0,1
202,"Lo","gain",2,2,1,0,0.1,1
202,"Lo","loss",4,4,1,0,-0.1,0
202,"Hi","loss",3,3,2,1,0,1
202,"Hi","gain",1,1,2,1,1,1
202,"Lo","loss",4,4,1,0,-0.1,0
202,"Hi","gain",1,1,2,1,0,0
202,"Lo","gain",2,2,2,1,0.1,1
202,"Lo","gain",2,2,2,1,0,0
202,"Hi","loss",3,3,1,0,-1,0
202,"Hi","loss",3,3,2,1,-1,0
202,"Lo","loss",4,4,1,0,0,1
202,"Lo","gain",2,2,2,1,0.1,1
202,"Hi","gain",1,1,2,1,1,1
202,"Lo","loss",4,4,2,1,-0.1,0
202,"Hi","loss",3,3,2,1,0,1
202,"Hi","gain",1,1,2,1,1,1
202,"Hi","gain",1,1,2,1,1,1
202,"Lo","gain",2,2,2,1,0,0
202,"Lo","gain",2,2,2,1,0.1,1
202,"Lo","gain",2,2,2,1,0.1,1
202,"Hi","gain",1,1,2,1,1,1
202,"Hi","gain",1,1,2,1,1,1
202,"Lo","loss",4,4,2,1,-0.1,0
202,"Hi","loss",3,3,2,1,0,1
202,"Lo","loss",4,4,1,0,-0.1,0
202,"Lo","loss",4,4,1,0,-0.1,0
202,"Lo","loss",4,4,2,1,0,1
202,"Hi","loss",3,3,2,1,-1,0
202,"Hi","loss",3,3,2,1,0,1
202,"Hi","gain",1,1,2,1,0,0
202,"Hi","loss",3,3,2,1,0,1
202,"Lo","gain",2,2,2,1,0.1,1
202,"Hi","loss",3,3,2,1,-1,0
202,"Lo","gain",2,2,2,1,0,0
202,"Hi","loss",3,3,1,0,-1,0
202,"Lo","gain",2,2,2,1,0.1,1
202,"Lo","loss",4,4,1,0,-0.1,0
202,"Lo","loss",4,4,2,1,0,1
202,"Hi","gain",1,1,2,1,1,1
202,"Lo","loss",4,4,2,1,0,1
202,"Hi","gain",1,1,2,1,1,1
202,"Hi","gain",1,1,2,1,0,0
202,"Hi","loss",3,3,1,0,-1,0
202,"Lo","gain",2,2,2,1,0.1,1
202,"Hi","loss",3,3,2,1,0,1
202,"Lo","loss",4,4,2,1,0,1
202,"Hi","gain",1,1,2,1,1,1
202,"Lo","gain",2,2,2,1,0.1,1
202,"Hi","loss",3,3,1,0,-1,0
202,"Hi","gain",1,1,2,1,0,0
202,"Lo","loss",4,4,2,1,-0.1,0
202,"Lo","loss",4,4,2,1,0,1
202,"Lo","gain",2,2,2,1,0.1,1
202,"Lo","loss",4,4,2,1,0,1
202,"Hi","gain",1,1,2,1,1,1
202,"Lo","gain",2,2,2,1,0,0
202,"Hi","loss",3,3,1,0,-1,0
202,"Hi","loss",3,3,2,1,-1,0
202,"Hi","gain",1,1,2,1,1,1
202,"Hi","gain",1,1,2,1,1,1
202,"Lo","gain",2,2,2,1,0.1,1
202,"Hi","loss",3,3,2,1,0,1
202,"Lo","loss",4,4,2,1,0,1
202,"Lo","gain",2,2,2,1,0.1,1
202,"Lo","loss",8,4,1,0,0,1
202,"Hi","loss",7,3,1,0,-1,0
202,"Lo","gain",6,2,2,1,0.1,1
202,"Hi","gain",5,1,1,0,0,0
202,"Hi","gain",5,1,2,1,0,0
202,"Lo","gain",6,2,2,1,0.1,1
202,"Hi","loss",7,3,2,1,0,1
202,"Hi","gain",5,1,2,1,1,1
202,"Hi","gain",5,1,2,1,1,1
202,"Hi","loss",7,3,1,0,-1,0
202,"Lo","loss",8,4,2,1,-0.1,0
202,"Lo","loss",8,4,1,0,-0.1,0
202,"Lo","gain",6,2,1,0,0,0
202,"Hi","loss",7,3,1,0,-1,0
202,"Lo","loss",8,4,1,0,-0.1,0
202,"Lo","gain",6,2,2,1,0.1,1
202,"Lo","loss",8,4,2,1,-0.1,0
202,"Hi","loss",7,3,2,1,0,1
202,"Hi","gain",5,1,2,1,1,1
202,"Hi","gain",5,1,2,1,1,1
202,"Hi","loss",7,3,2,1,0,1
202,"Lo","loss",8,4,2,1,0,1
202,"Hi","loss",7,3,2,1,-1,0
202,"Lo","loss",8,4,2,1,0,1
202,"Hi","gain",5,1,2,1,1,1
202,"Lo","gain",6,2,2,1,0.1,1
202,"Lo","loss",8,4,2,1,0,1
202,"Lo","gain",6,2,2,1,0.1,1
202,"Hi","gain",5,1,2,1,0,0
202,"Hi","loss",7,3,1,0,-1,0
202,"Lo","gain",6,2,2,1,0.1,1
202,"Lo","gain",6,2,2,1,0,0
202,"Lo","loss",8,4,2,1,0,1
202,"Hi","gain",5,1,2,1,0,0
202,"Hi","gain",5,1,2,1,1,1
202,"Hi","loss",7,3,2,1,0,1
202,"Lo","gain",6,2,2,1,0.1,1
202,"Lo","gain",6,2,2,1,0.1,1
202,"Hi","loss",7,3,2,1,0,1
202,"Lo","gain",6,2,2,1,0.1,1
202,"Hi","gain",5,1,2,1,1,1
202,"Lo","loss",8,4,2,1,0,1
202,"Lo","loss",8,4,2,1,-0.1,0
202,"Lo","loss",8,4,2,1,0,1
202,"Hi","gain",5,1,2,1,1,1
202,"Lo","gain",6,2,2,1,0,0
202,"Hi","loss",7,3,2,1,-1,0
202,"Hi","loss",7,3,2,1,0,1
202,"Lo","gain",6,2,2,1,0.1,1
202,"Hi","gain",5,1,1,0,0,0
202,"Hi","gain",5,1,2,1,0,0
202,"Lo","gain",6,2,2,1,0,0
202,"Hi","gain",5,1,2,1,1,1
202,"Hi","loss",7,3,2,1,-1,0
202,"Lo","gain",6,2,2,1,0.1,1
202,"Hi","loss",7,3,1,0,-1,0
202,"Lo","loss",8,4,2,1,0,1
202,"Lo","loss",8,4,2,1,0,1
202,"Hi","loss",7,3,1,0,-1,0
202,"Lo","loss",8,4,2,1,0,1
202,"Hi","loss",7,3,2,1,0,1
202,"Lo","loss",8,4,2,1,-0.1,0
202,"Lo","gain",6,2,2,1,0.1,1
202,"Hi","gain",5,1,2,1,1,1
202,"Lo","loss",8,4,2,1,0,1
202,"Lo","gain",6,2,2,1,0,0
202,"Hi","gain",5,1,2,1,1,1
202,"Lo","loss",8,4,2,1,-0.1,0
202,"Lo","loss",8,4,2,1,0,1
202,"Hi","loss",7,3,2,1,-1,0
202,"Hi","loss",7,3,2,1,0,1
202,"Hi","gain",5,1,2,1,1,1
202,"Hi","gain",5,1,2,1,1,1
202,"Hi","gain",5,1,2,1,0,0
202,"Hi","loss",7,3,2,1,0,1
202,"Lo","gain",6,2,2,1,0.1,1
202,"Lo","gain",6,2,2,1,0.1,1
202,"Lo","gain",6,2,2,1,0.1,1
202,"Lo","loss",8,4,2,1,0,1
202,"Hi","loss",7,3,2,1,0,1
203,"Lo","gain",2,2,1,0,0.1,1
203,"Lo","loss",4,4,1,0,-0.1,0
203,"Hi","loss",3,3,2,1,0,1
203,"Hi","loss",3,3,2,1,0,1
203,"Hi","gain",1,1,1,0,0,0
203,"Hi","loss",3,3,2,1,-1,0
203,"Lo","gain",2,2,1,0,0,0
203,"Hi","gain",1,1,1,0,0,0
203,"Lo","loss",4,4,2,1,0,1
203,"Lo","loss",4,4,2,1,0,1
203,"Hi","loss",3,3,2,1,0,1
203,"Hi","gain",1,1,2,1,1,1
203,"Lo","loss",4,4,2,1,0,1
203,"Lo","gain",2,2,1,0,0,0
203,"Hi","gain",1,1,1,0,0,0
203,"Lo","gain",2,2,2,1,0.1,1
203,"Lo","loss",4,4,2,1,0,1
203,"Hi","gain",1,1,1,0,0,0
203,"Lo","gain",2,2,2,1,0,0
203,"Lo","loss",4,4,2,1,0,1
203,"Hi","loss",3,3,1,0,-1,0
203,"Hi","gain",1,1,1,0,0,0
203,"Lo","loss",4,4,2,1,0,1
203,"Hi","loss",3,3,2,1,-1,0
203,"Hi","gain",1,1,1,0,1,1
203,"Lo","loss",4,4,2,1,-0.1,0
203,"Lo","gain",2,2,2,1,0.1,1
203,"Hi","loss",3,3,1,0,-1,0
203,"Hi","loss",3,3,1,0,-1,0
203,"Hi","gain",1,1,1,0,0,0
203,"Lo","gain",2,2,2,1,0.1,1
203,"Lo","gain",2,2,2,1,0.1,1
203,"Lo","loss",4,4,1,0,-0.1,0
203,"Lo","gain",2,2,2,1,0.1,1
203,"Lo","gain",2,2,2,1,0.1,1
203,"Hi","gain",1,1,1,0,0,0
203,"Lo","loss",4,4,2,1,-0.1,0
203,"Hi","loss",3,3,2,1,-1,0
203,"Hi","loss",3,3,1,0,-1,0
203,"Hi","loss",3,3,1,0,-1,0
203,"Lo","gain",2,2,2,1,0,0
203,"Hi","loss",3,3,1,0,0,1
203,"Lo","loss",4,4,2,1,0,1
203,"Lo","gain",2,2,2,1,0.1,1
203,"Hi","gain",1,1,1,0,0,0
203,"Hi","gain",1,1,1,0,0,0
203,"Hi","gain",1,1,1,0,0,0
203,"Lo","loss",4,4,2,1,0,1
203,"Hi","loss",3,3,1,0,-1,0
203,"Lo","gain",2,2,2,1,0.1,1
203,"Hi","gain",1,1,1,0,0,0
203,"Hi","gain",1,1,1,0,0,0
203,"Hi","loss",3,3,2,1,-1,0
203,"Lo","gain",2,2,2,1,0.1,1
203,"Lo","loss",4,4,2,1,-0.1,0
203,"Hi","loss",3,3,1,0,-1,0
203,"Lo","loss",4,4,2,1,0,1
203,"Hi","loss",3,3,1,0,0,1
203,"Lo","loss",4,4,2,1,0,1
203,"Hi","gain",1,1,1,0,0,0
203,"Hi","gain",1,1,1,0,1,1
203,"Lo","gain",2,2,2,1,0.1,1
203,"Lo","loss",4,4,2,1,0,1
203,"Lo","gain",2,2,2,1,0,0
203,"Lo","gain",2,2,2,1,0,0
203,"Hi","gain",1,1,1,0,0,0
203,"Hi","loss",3,3,2,1,0,1
203,"Hi","loss",3,3,1,0,-1,0
203,"Lo","loss",4,4,2,1,0,1
203,"Hi","loss",3,3,2,1,-1,0
203,"Hi","gain",1,1,1,0,0,0
203,"Lo","loss",4,4,2,1,0,1
203,"Hi","gain",1,1,1,0,0,0
203,"Hi","gain",1,1,1,0,1,1
203,"Lo","loss",4,4,2,1,0,1
203,"Lo","gain",2,2,2,1,0.1,1
203,"Lo","loss",4,4,2,1,-0.1,0
203,"Hi","loss",3,3,2,1,0,1
203,"Lo","gain",2,2,2,1,0.1,1
203,"Lo","gain",2,2,2,1,0.1,1
203,"Hi","gain",5,1,2,1,1,1
203,"Lo","loss",8,4,2,1,0,1
203,"Lo","gain",6,2,2,1,0,0
203,"Lo","gain",6,2,1,0,0,0
203,"Hi","gain",5,1,2,1,1,1
203,"Lo","gain",6,2,1,0,0,0
203,"Hi","loss",7,3,1,0,-1,0
203,"Lo","gain",6,2,2,1,0.1,1
203,"Lo","loss",8,4,2,1,-0.1,0
203,"Hi","loss",7,3,2,1,0,1
203,"Lo","loss",8,4,1,0,-0.1,0
203,"Hi","loss",7,3,2,1,0,1
203,"Hi","loss",7,3,2,1,0,1
203,"Hi","gain",5,1,2,1,0,0
203,"Hi","gain",5,1,2,1,1,1
203,"Lo","loss",8,4,1,0,-0.1,0
203,"Hi","loss",7,3,1,0,0,1
203,"Hi","gain",5,1,2,1,1,1
203,"Lo","gain",6,2,1,0,0.1,1
203,"Lo","loss",8,4,1,0,0,1
203,"Hi","loss",7,3,2,1,0,1
203,"Lo","gain",6,2,1,0,0,0
203,"Hi","gain",5,1,2,1,0,0
203,"Hi","loss",7,3,1,0,-1,0
203,"Lo","gain",6,2,1,0,0,0
203,"Hi","gain",5,1,2,1,1,1
203,"Lo","gain",6,2,1,0,0,0
203,"Lo","loss",8,4,1,0,-0.1,0
203,"Hi","gain",5,1,2,1,1,1
203,"Hi","loss",7,3,2,1,0,1
203,"Lo","loss",8,4,2,1,-0.1,0
203,"Lo","loss",8,4,1,0,-0.1,0
203,"Hi","gain",5,1,2,1,0,0
203,"Hi","loss",7,3,2,1,0,1
203,"Lo","loss",8,4,2,1,0,1
203,"Lo","loss",8,4,2,1,0,1
203,"Lo","gain",6,2,1,0,0,0
203,"Lo","gain",6,2,1,0,0.1,1
203,"Hi","loss",7,3,2,1,0,1
203,"Lo","gain",6,2,1,0,0,0
203,"Lo","gain",6,2,1,0,0,0
203,"Hi","gain",5,1,2,1,1,1
203,"Hi","loss",7,3,2,1,0,1
203,"Hi","loss",7,3,2,1,-1,0
203,"Hi","gain",5,1,2,1,1,1
203,"Lo","loss",8,4,2,1,-0.1,0
203,"Lo","loss",8,4,1,0,-0.1,0
203,"Hi","gain",5,1,2,1,1,1
203,"Lo","gain",6,2,1,0,0,0
203,"Lo","loss",8,4,1,0,-0.1,0
203,"Hi","loss",7,3,2,1,-1,0
203,"Hi","gain",5,1,2,1,1,1
203,"Hi","gain",5,1,2,1,1,1
203,"Lo","gain",6,2,1,0,0,0
203,"Lo","loss",8,4,1,0,0,1
203,"Lo","loss",8,4,1,0,-0.1,0
203,"Hi","loss",7,3,1,0,-1,0
203,"Hi","gain",5,1,2,1,1,1
203,"Lo","gain",6,2,1,0,0,0
203,"Hi","gain",5,1,2,1,0,0
203,"Hi","loss",7,3,2,1,0,1
203,"Hi","loss",7,3,2,1,0,1
203,"Lo","gain",6,2,1,0,0.1,1
203,"Lo","loss",8,4,2,1,0,1
203,"Lo","gain",6,2,1,0,0,0
203,"Lo","loss",8,4,2,1,0,1
203,"Lo","gain",6,2,1,0,0,0
203,"Hi","gain",5,1,2,1,1,1
203,"Lo","gain",6,2,1,0,0.1,1
203,"Hi","loss",7,3,2,1,0,1
203,"Lo","loss",8,4,2,1,0,1
203,"Lo","gain",6,2,1,0,0,0
203,"Hi","loss",7,3,2,1,0,1
203,"Hi","loss",7,3,2,1,-1,0
203,"Hi","gain",5,1,2,1,1,1
203,"Hi","loss",7,3,2,1,0,1
203,"Hi","gain",5,1,2,1,0,0
203,"Lo","loss",8,4,2,1,-0.1,0
203,"Hi","gain",5,1,2,1,1,1
203,"Lo","loss",8,4,2,1,0,1
204,"Hi","gain",1,1,1,0,0,0
204,"Lo","loss",4,4,1,0,-0.1,0
204,"Lo","loss",4,4,2,1,0,1
204,"Hi","gain",1,1,2,1,1,1
204,"Hi","loss",3,3,1,0,-1,0
204,"Lo","loss",4,4,2,1,0,1
204,"Hi","loss",3,3,1,0,-1,0
204,"Lo","loss",4,4,2,1,0,1
204,"Hi","loss",3,3,1,0,-1,0
204,"Hi","gain",1,1,2,1,1,1
204,"Hi","loss",3,3,1,0,0,1
204,"Lo","gain",2,2,2,1,0.1,1
204,"Lo","gain",2,2,2,1,0,0
204,"Hi","gain",1,1,2,1,0,0
204,"Lo","gain",2,2,2,1,0.1,1
204,"Lo","gain",2,2,2,1,0.1,1
204,"Hi","loss",3,3,1,0,0,1
204,"Hi","gain",1,1,2,1,0,0
204,"Lo","gain",2,2,2,1,0.1,1
204,"Hi","loss",3,3,1,0,-1,0
204,"Hi","gain",1,1,2,1,1,1
204,"Hi","loss",3,3,2,1,0,1
204,"Lo","loss",4,4,2,1,0,1
204,"Hi","loss",3,3,2,1,-1,0
204,"Lo","loss",4,4,2,1,0,1
204,"Hi","gain",1,1,2,1,1,1
204,"Lo","loss",4,4,2,1,-0.1,0
204,"Lo","gain",2,2,2,1,0.1,1
204,"Hi","gain",1,1,2,1,1,1
204,"Lo","loss",4,4,2,1,0,1
204,"Lo","gain",2,2,2,1,0.1,1
204,"Lo","gain",2,2,2,1,0,0
204,"Lo","loss",4,4,2,1,0,1
204,"Hi","loss",3,3,2,1,-1,0
204,"Lo","loss",4,4,2,1,0,1
204,"Hi","gain",1,1,2,1,1,1
204,"Lo","gain",2,2,2,1,0.1,1
204,"Hi","gain",1,1,2,1,1,1
204,"Hi","gain",1,1,2,1,1,1
204,"Lo","gain",2,2,2,1,0.1,1
204,"Lo","gain",2,2,2,1,0.1,1
204,"Hi","loss",3,3,1,0,-1,0
204,"Lo","loss",4,4,2,1,0,1
204,"Lo","gain",2,2,2,1,0,0
204,"Lo","loss",4,4,2,1,-0.1,0
204,"Hi","gain",1,1,2,1,0,0
204,"Hi","loss",3,3,2,1,0,1
204,"Hi","loss",3,3,2,1,0,1
204,"Lo","loss",4,4,2,1,0,1
204,"Hi","gain",1,1,2,1,1,1
204,"Lo","loss",4,4,2,1,0,1
204,"Hi","loss",3,3,2,1,0,1
204,"Hi","loss",3,3,2,1,-1,0
204,"Lo","gain",2,2,2,1,0.1,1
204,"Lo","loss",4,4,2,1,-0.1,0
204,"Lo","loss",4,4,1,0,-0.1,0
204,"Lo","gain",2,2,2,1,0.1,1
204,"Lo","gain",2,2,2,1,0,0
204,"Hi","loss",3,3,2,1,0,1
204,"Hi","gain",1,1,2,1,0,0
204,"Hi","loss",3,3,2,1,0,1
204,"Lo","gain",2,2,2,1,0.1,1
204,"Hi","gain",1,1,2,1,1,1
204,"Hi","gain",1,1,2,1,1,1
204,"Hi","loss",3,3,2,1,-1,0
204,"Lo","loss",4,4,2,1,0,1
204,"Hi","gain",1,1,2,1,1,1
204,"Lo","gain",2,2,2,1,0.1,1
204,"Hi","loss",3,3,2,1,0,1
204,"Lo","gain",2,2,2,1,0.1,1
204,"Hi","gain",1,1,2,1,0,0
204,"Hi","loss",3,3,2,1,0,1
204,"Hi","gain",1,1,2,1,1,1
204,"Lo","gain",2,2,2,1,0.1,1
204,"Lo","gain",2,2,2,1,0,0
204,"Lo","loss",4,4,2,1,-0.1,0
204,"Hi","loss",3,3,2,1,0,1
204,"Hi","gain",1,1,2,1,1,1
204,"Lo","loss",4,4,2,1,0,1
204,"Lo","loss",4,4,2,1,0,1
204,"Lo","loss",8,4,1,0,-0.1,0
204,"Hi","loss",7,3,2,1,0,1
204,"Lo","loss",8,4,2,1,0,1
204,"Hi","loss",7,3,1,0,-1,0
204,"Lo","gain",6,2,2,1,0.1,1
204,"Lo","loss",8,4,2,1,0,1
204,"Hi","gain",5,1,1,0,0,0
204,"Lo","loss",8,4,2,1,-0.1,0
204,"Lo","gain",6,2,1,0,0.1,1
204,"Hi","loss",7,3,2,1,-1,0
204,"Hi","gain",5,1,2,1,0,0
204,"Lo","gain",6,2,1,0,0,0
204,"Hi","gain",5,1,2,1,1,1
204,"Hi","gain",5,1,2,1,1,1
204,"Lo","gain",6,2,1,0,0,0
204,"Hi","loss",7,3,1,0,-1,0
204,"Hi","loss",7,3,2,1,0,1
204,"Hi","gain",5,1,2,1,0,0
204,"Lo","loss",8,4,2,1,0,1
204,"Hi","loss",7,3,1,0,-1,0
204,"Lo","gain",6,2,1,0,0,0
204,"Hi","gain",5,1,2,1,1,1
204,"Hi","gain",5,1,2,1,1,1
204,"Hi","gain",5,1,2,1,1,1
204,"Hi","loss",7,3,2,1,0,1
204,"Hi","loss",7,3,2,1,-1,0
204,"Lo","loss",8,4,2,1,-0.1,0
204,"Lo","loss",8,4,2,1,0,1
204,"Lo","loss",8,4,2,1,0,1
204,"Lo","gain",6,2,1,0,0,0
204,"Lo","gain",6,2,1,0,0,0
204,"Lo","gain",6,2,1,0,0.1,1
204,"Lo","loss",8,4,2,1,0,1
204,"Hi","gain",5,1,2,1,1,1
204,"Hi","loss",7,3,1,0,-1,0
204,"Hi","gain",5,1,2,1,1,1
204,"Lo","gain",6,2,1,0,0,0
204,"Hi","loss",7,3,2,1,-1,0
204,"Hi","gain",5,1,2,1,0,0
204,"Lo","gain",6,2,1,0,0,0
204,"Hi","loss",7,3,2,1,0,1
204,"Hi","gain",5,1,2,1,1,1
204,"Hi","loss",7,3,2,1,0,1
204,"Lo","loss",8,4,2,1,0,1
204,"Lo","gain",6,2,1,0,0.1,1
204,"Lo","loss",8,4,2,1,-0.1,0
204,"Lo","loss",8,4,2,1,0,1
204,"Lo","gain",6,2,1,0,0,0
204,"Hi","gain",5,1,2,1,1,1
204,"Lo","gain",6,2,1,0,0,0
204,"Lo","gain",6,2,1,0,0.1,1
204,"Hi","gain",5,1,2,1,1,1
204,"Hi","loss",7,3,2,1,-1,0
204,"Lo","gain",6,2,1,0,0,0
204,"Lo","loss",8,4,2,1,0,1
204,"Lo","loss",8,4,2,1,0,1
204,"Hi","loss",7,3,1,0,-1,0
204,"Lo","gain",6,2,1,0,0,0
204,"Hi","loss",7,3,2,1,0,1
204,"Hi","gain",5,1,2,1,1,1
204,"Hi","gain",5,1,2,1,0,0
204,"Lo","loss",8,4,2,1,-0.1,0
204,"Hi","loss",7,3,2,1,0,1
204,"Lo","loss",8,4,2,1,0,1
204,"Hi","gain",5,1,2,1,1,1
204,"Hi","loss",7,3,2,1,-1,0
204,"Hi","gain",5,1,2,1,1,1
204,"Lo","gain",6,2,1,0,0.1,1
204,"Lo","loss",8,4,2,1,0,1
204,"Hi","loss",7,3,2,1,0,1
204,"Lo","loss",8,4,2,1,0,1
204,"Hi","gain",5,1,2,1,0,0
204,"Hi","gain",5,1,2,1,1,1
204,"Lo","loss",8,4,2,1,0,1
204,"Lo","gain",6,2,1,0,0,0
204,"Lo","gain",6,2,1,0,0,0
204,"Lo","loss",8,4,2,1,-0.1,0
204,"Hi","loss",7,3,2,1,0,1
204,"Hi","loss",7,3,1,0,-1,0
204,"Lo","gain",6,2,1,0,0,0
205,"Lo","gain",2,2,1,0,0,0
205,"Hi","gain",1,1,1,0,0,0
205,"Lo","loss",4,4,2,1,0,1
205,"Lo","gain",2,2,2,1,0,0
205,"Lo","gain",2,2,1,0,0,0
205,"Hi","loss",3,3,1,0,-1,0
205,"Lo","loss",4,4,1,0,-0.1,0
205,"Hi","loss",3,3,2,1,0,1
205,"Lo","loss",4,4,1,0,0,1
205,"Hi","loss",3,3,2,1,0,1
205,"Hi","gain",1,1,2,1,1,1
205,"Hi","gain",1,1,2,1,1,1
205,"Lo","gain",2,2,2,1,0.1,1
205,"Lo","loss",4,4,1,0,-0.1,0
205,"Hi","gain",1,1,2,1,1,1
205,"Hi","loss",3,3,2,1,-1,0
205,"Lo","gain",2,2,1,0,0,0
205,"Lo","loss",4,4,1,0,0,1
205,"Hi","loss",3,3,1,0,-1,0
205,"Lo","loss",4,4,2,1,-0.1,0
205,"Lo","loss",4,4,1,0,-0.1,0
205,"Hi","loss",3,3,2,1,0,1
205,"Hi","loss",3,3,2,1,0,1
205,"Hi","gain",1,1,2,1,1,1
205,"Lo","gain",2,2,2,1,0,0
205,"Hi","gain",1,1,2,1,1,1
205,"Hi","gain",1,1,2,1,1,1
205,"Lo","gain",2,2,1,0,0,0
205,"Hi","gain",1,1,2,1,0,0
205,"Hi","loss",3,3,2,1,0,1
205,"Lo","loss",4,4,2,1,0,1
205,"Lo","gain",2,2,2,1,0.1,1
205,"Lo","loss",4,4,1,0,0,1
205,"Hi","gain",1,1,2,1,1,1
205,"Hi","loss",3,3,2,1,0,1
205,"Hi","loss",3,3,2,1,0,1
205,"Lo","gain",2,2,2,1,0.1,1
205,"Lo","loss",4,4,2,1,0,1
205,"Hi","gain",1,1,2,1,1,1
205,"Hi","gain",1,1,2,1,1,1
205,"Lo","loss",4,4,1,0,-0.1,0
205,"Lo","gain",2,2,2,1,0,0
205,"Lo","loss",4,4,2,1,-0.1,0
205,"Lo","gain",2,2,2,1,0.1,1
205,"Hi","gain",1,1,2,1,0,0
205,"Lo","gain",2,2,2,1,0.1,1
205,"Hi","loss",3,3,2,1,-1,0
205,"Hi","loss",3,3,2,1,0,1
205,"Hi","loss",3,3,2,1,0,1
205,"Hi","gain",1,1,2,1,1,1
205,"Lo","gain",2,2,2,1,0,0
205,"Lo","loss",4,4,2,1,-0.1,0
205,"Hi","loss",3,3,2,1,0,1
205,"Lo","loss",4,4,1,0,0,1
205,"Hi","loss",3,3,2,1,-1,0
205,"Hi","gain",1,1,2,1,1,1
205,"Hi","loss",3,3,2,1,0,1
205,"Lo","loss",4,4,1,0,-0.1,0
205,"Lo","loss",4,4,1,0,-0.1,0
205,"Lo","gain",2,2,2,1,0.1,1
205,"Lo","gain",2,2,2,1,0.1,1
205,"Hi","gain",1,1,2,1,0,0
205,"Hi","gain",1,1,2,1,1,1
205,"Lo","gain",2,2,2,1,0.1,1
205,"Lo","gain",2,2,2,1,0.1,1
205,"Lo","loss",4,4,1,0,-0.1,0
205,"Lo","gain",2,2,2,1,0.1,1
205,"Lo","gain",2,2,2,1,0.1,1
205,"Lo","loss",4,4,2,1,0,1
205,"Hi","gain",1,1,2,1,1,1
205,"Hi","loss",3,3,2,1,0,1
205,"Hi","loss",3,3,2,1,0,1
205,"Hi","gain",1,1,2,1,1,1
205,"Hi","loss",3,3,2,1,0,1
205,"Hi","loss",3,3,2,1,-1,0
205,"Lo","loss",4,4,2,1,0,1
205,"Hi","gain",1,1,2,1,1,1
205,"Lo","loss",4,4,1,0,-0.1,0
205,"Hi","gain",1,1,2,1,0,0
205,"Lo","gain",2,2,2,1,0,0
205,"Lo","loss",8,4,1,0,-0.1,0
205,"Lo","gain",6,2,2,1,0.1,1
205,"Lo","loss",8,4,2,1,-0.1,0
205,"Lo","gain",6,2,2,1,0.1,1
205,"Hi","gain",5,1,2,1,1,1
205,"Hi","loss",7,3,1,0,0,1
205,"Lo","gain",6,2,1,0,0,0
205,"Lo","gain",6,2,1,0,0,0
205,"Lo","loss",8,4,2,1,0,1
205,"Hi","gain",5,1,2,1,1,1
205,"Hi","loss",7,3,2,1,0,1
205,"Hi","loss",7,3,2,1,0,1
205,"Lo","loss",8,4,2,1,0,1
205,"Hi","gain",5,1,2,1,1,1
205,"Hi","gain",5,1,2,1,0,0
205,"Hi","loss",7,3,1,0,-1,0
205,"Lo","gain",6,2,1,0,0,0
205,"Lo","loss",8,4,2,1,0,1
205,"Lo","loss",8,4,2,1,-0.1,0
205,"Hi","loss",7,3,2,1,0,1
205,"Lo","gain",6,2,1,0,0.1,1
205,"Lo","gain",6,2,1,0,0,0
205,"Hi","gain",5,1,2,1,1,1
205,"Hi","gain",5,1,2,1,1,1
205,"Hi","gain",5,1,2,1,0,0
205,"Hi","loss",7,3,2,1,0,1
205,"Lo","gain",6,2,1,0,0,0
205,"Hi","loss",7,3,2,1,0,1
205,"Lo","loss",8,4,2,1,0,1
205,"Hi","loss",7,3,2,1,-1,0
205,"Hi","gain",5,1,1,0,0,0
205,"Lo","loss",8,4,2,1,0,1
205,"Hi","gain",5,1,2,1,1,1
205,"Hi","gain",5,1,2,1,1,1
205,"Hi","loss",7,3,2,1,-1,0
205,"Hi","gain",5,1,2,1,0,0
205,"Lo","loss",8,4,2,1,0,1
205,"Lo","gain",6,2,1,0,0,0
205,"Lo","loss",8,4,2,1,0,1
205,"Hi","gain",5,1,2,1,1,1
205,"Hi","loss",7,3,2,1,0,1
205,"Lo","gain",6,2,1,0,0.1,1
205,"Hi","loss",7,3,2,1,0,1
205,"Lo","loss",8,4,2,1,-0.1,0
205,"Lo","loss",8,4,2,1,0,1
205,"Lo","gain",6,2,1,0,0,0
205,"Hi","loss",7,3,2,1,0,1
205,"Lo","gain",6,2,1,0,0,0
205,"Hi","gain",5,1,2,1,0,0
205,"Hi","loss",7,3,1,0,0,1
205,"Lo","gain",6,2,1,0,0.1,1
205,"Hi","loss",7,3,1,0,-1,0
205,"Lo","loss",8,4,1,0,0,1
205,"Hi","gain",5,1,2,1,1,1
205,"Lo","gain",6,2,1,0,0,0
205,"Lo","loss",8,4,1,0,-0.1,0
205,"Hi","loss",7,3,2,1,-1,0
205,"Lo","gain",6,2,1,0,0,0
205,"Hi","loss",7,3,1,0,-1,0
205,"Hi","gain",5,1,2,1,1,1
205,"Lo","gain",6,2,1,0,0,0
205,"Hi","gain",5,1,2,1,1,1
205,"Lo","loss",8,4,2,1,0,1
205,"Lo","loss",8,4,2,1,-0.1,0
205,"Hi","loss",7,3,2,1,0,1
205,"Lo","loss",8,4,2,1,0,1
205,"Lo","gain",6,2,1,0,0,0
205,"Lo","gain",6,2,1,0,0,0
205,"Hi","gain",5,1,2,1,0,0
205,"Lo","loss",8,4,2,1,0,1
205,"Hi","gain",5,1,2,1,1,1
205,"Hi","gain",5,1,2,1,1,1
205,"Hi","gain",5,1,1,0,0,0
205,"Hi","loss",7,3,1,0,-1,0
205,"Lo","loss",8,4,2,1,0,1
205,"Lo","gain",6,2,1,0,0,0
205,"Hi","loss",7,3,2,1,0,1
205,"Lo","gain",6,2,1,0,0.1,1
205,"Hi","loss",7,3,2,1,0,1
205,"Lo","loss",8,4,2,1,-0.1,0
206,"Lo","gain",2,2,2,1,0.1,1
206,"Hi","loss",3,3,2,1,-1,0
206,"Lo","loss",4,4,2,1,0,1
206,"Hi","gain",1,1,1,0,0,0
206,"Lo","gain",2,2,2,1,0,0
206,"Hi","gain",1,1,1,0,0,0
206,"Hi","loss",3,3,1,0,-1,0
206,"Lo","gain",2,2,2,1,0.1,1
206,"Lo","loss",4,4,1,0,-0.1,0
206,"Lo","loss",4,4,2,1,-0.1,0
206,"Hi","loss",3,3,2,1,0,1
206,"Hi","gain",1,1,1,0,0,0
206,"Hi","gain",1,1,2,1,0,0
206,"Lo","loss",4,4,1,0,0,1
206,"Lo","gain",2,2,1,0,0.1,1
206,"Hi","loss",3,3,2,1,0,1
206,"Hi","loss",3,3,2,1,-1,0
206,"Lo","gain",2,2,2,1,0.1,1
206,"Lo","gain",2,2,1,0,0,0
206,"Hi","gain",1,1,1,0,0,0
206,"Hi","gain",1,1,2,1,1,1
206,"Hi","loss",3,3,1,0,-1,0
206,"Hi","gain",1,1,1,0,0,0
206,"Lo","gain",2,2,1,0,0.1,1
206,"Hi","gain",1,1,2,1,0,0
206,"Hi","loss",3,3,1,0,0,1
206,"Hi","loss",3,3,2,1,0,1
206,"Lo","loss",4,4,1,0,-0.1,0
206,"Lo","loss",4,4,2,1,0,1
206,"Lo","loss",4,4,1,0,-0.1,0
206,"Lo","gain",2,2,1,0,0,0
206,"Lo","loss",4,4,2,1,-0.1,0
206,"Hi","loss",3,3,2,1,0,1
206,"Lo","gain",2,2,1,0,0,0
206,"Lo","loss",4,4,1,0,-0.1,0
206,"Hi","gain",1,1,2,1,1,1
206,"Lo","loss",4,4,2,1,0,1
206,"Lo","gain",2,2,1,0,0.1,1
206,"Hi","gain",1,1,2,1,1,1
206,"Hi","loss",3,3,2,1,0,1
206,"Lo","gain",2,2,2,1,0,0
206,"Hi","loss",3,3,1,0,-1,0
206,"Lo","gain",2,2,2,1,0.1,1
206,"Hi","loss",3,3,2,1,0,1
206,"Lo","loss",4,4,2,1,0,1
206,"Hi","gain",1,1,2,1,1,1
206,"Lo","loss",4,4,2,1,-0.1,0
206,"Hi","gain",1,1,2,1,0,0
206,"Lo","gain",2,2,2,1,0.1,1
206,"Hi","gain",1,1,2,1,1,1
206,"Lo","loss",4,4,1,0,-0.1,0
206,"Hi","loss",3,3,2,1,0,1
206,"Lo","loss",4,4,1,0,-0.1,0
206,"Hi","gain",1,1,2,1,1,1
206,"Lo","loss",4,4,2,1,0,1
206,"Lo","gain",2,2,2,1,0.1,1
206,"Hi","loss",3,3,1,0,-1,0
206,"Hi","gain",1,1,1,0,1,1
206,"Lo","loss",4,4,2,1,0,1
206,"Hi","loss",3,3,2,1,0,1
206,"Hi","gain",1,1,2,1,0,0
206,"Hi","loss",3,3,1,0,0,1
206,"Lo","gain",2,2,2,1,0.1,1
206,"Lo","gain",2,2,2,1,0,0
206,"Lo","gain",2,2,2,1,0.1,1
206,"Hi","loss",3,3,2,1,0,1
206,"Hi","loss",3,3,2,1,0,1
206,"Hi","loss",3,3,2,1,-1,0
206,"Lo","loss",4,4,1,0,0,1
206,"Hi","loss",3,3,2,1,0,1
206,"Lo","gain",2,2,2,1,0.1,1
206,"Hi","gain",1,1,2,1,1,1
206,"Hi","gain",1,1,2,1,1,1
206,"Lo","loss",4,4,2,1,0,1
206,"Lo","loss",4,4,2,1,0,1
206,"Hi","gain",1,1,1,0,1,1
206,"Lo","gain",2,2,2,1,0.1,1
206,"Lo","loss",4,4,2,1,-0.1,0
206,"Hi","gain",1,1,1,0,0,0
206,"Lo","gain",2,2,1,0,0,0
206,"Lo","loss",8,4,1,0,-0.1,0
206,"Hi","gain",5,1,1,0,0,0
206,"Hi","loss",7,3,1,0,0,1
206,"Hi","loss",7,3,1,0,-1,0
206,"Hi","gain",5,1,2,1,1,1
206,"Lo","loss",8,4,1,0,-0.1,0
206,"Hi","gain",5,1,2,1,1,1
206,"Hi","loss",7,3,2,1,-1,0
206,"Lo","gain",6,2,2,1,0.1,1
206,"Lo","gain",6,2,1,0,0,0
206,"Lo","gain",6,2,1,0,0,0
206,"Hi","gain",5,1,2,1,0,0
206,"Lo","loss",8,4,2,1,-0.1,0
206,"Lo","gain",6,2,2,1,0.1,1
206,"Hi","loss",7,3,1,0,-1,0
206,"Lo","loss",8,4,1,0,0,1
206,"Lo","loss",8,4,1,0,0,1
206,"Hi","gain",5,1,1,0,0,0
206,"Lo","gain",6,2,1,0,0,0
206,"Hi","gain",5,1,1,0,0,0
206,"Lo","gain",6,2,2,1,0.1,1
206,"Hi","gain",5,1,2,1,1,1
206,"Lo","gain",6,2,1,0,0,0
206,"Hi","loss",7,3,2,1,0,1
206,"Hi","loss",7,3,2,1,-1,0
206,"Lo","loss",8,4,1,0,-0.1,0
206,"Lo","gain",6,2,1,0,0,0
206,"Lo","loss",8,4,2,1,0,1
206,"Hi","gain",5,1,2,1,1,1
206,"Hi","loss",7,3,1,0,-1,0
206,"Hi","loss",7,3,1,0,-1,0
206,"Lo","loss",8,4,1,0,-0.1,0
206,"Lo","loss",8,4,2,1,0,1
206,"Lo","loss",8,4,2,1,0,1
206,"Hi","loss",7,3,2,1,0,1
206,"Lo","gain",6,2,1,0,0,0
206,"Lo","gain",6,2,1,0,0,0
206,"Hi","gain",5,1,2,1,1,1
206,"Hi","loss",7,3,1,0,-1,0
206,"Hi","gain",5,1,2,1,1,1
206,"Lo","gain",6,2,1,0,0.1,1
206,"Hi","loss",7,3,1,0,0,1
206,"Lo","gain",6,2,1,0,0,0
206,"Lo","loss",8,4,2,1,0,1
206,"Hi","gain",5,1,1,0,1,1
206,"Lo","loss",8,4,2,1,-0.1,0
206,"Hi","loss",7,3,1,0,-1,0
206,"Hi","gain",5,1,1,0,0,0
206,"Hi","loss",7,3,2,1,-1,0
206,"Lo","loss",8,4,2,1,0,1
206,"Lo","gain",6,2,1,0,0,0
206,"Hi","gain",5,1,2,1,0,0
206,"Hi","gain",5,1,2,1,1,1
206,"Lo","loss",8,4,2,1,0,1
206,"Hi","loss",7,3,1,0,-1,0
206,"Hi","gain",5,1,2,1,1,1
206,"Lo","gain",6,2,1,0,0,0
206,"Lo","loss",8,4,2,1,-0.1,0
206,"Lo","gain",6,2,1,0,0,0
206,"Lo","loss",8,4,2,1,0,1
206,"Hi","loss",7,3,2,1,0,1
206,"Lo","gain",6,2,1,0,0.1,1
206,"Hi","gain",5,1,2,1,1,1
206,"Hi","loss",7,3,1,0,-1,0
206,"Hi","loss",7,3,1,0,-1,0
206,"Lo","gain",6,2,1,0,0,0
206,"Hi","loss",7,3,2,1,0,1
206,"Lo","gain",6,2,1,0,0,0
206,"Hi","gain",5,1,2,1,1,1
206,"Lo","gain",6,2,1,0,0,0
206,"Hi","gain",5,1,2,1,1,1
206,"Lo","loss",8,4,2,1,-0.1,0
206,"Hi","gain",5,1,2,1,1,1
206,"Lo","gain",6,2,1,0,0.1,1
206,"Hi","loss",7,3,2,1,0,1
206,"Lo","loss",8,4,2,1,0,1
206,"Lo","loss",8,4,2,1,0,1
206,"Hi","gain",5,1,2,1,0,0
206,"Hi","loss",7,3,2,1,-1,0
206,"Lo","loss",8,4,1,0,-0.1,0
207,"Hi","gain",1,1,2,1,1,1
207,"Hi","gain",1,1,2,1,1,1
207,"Lo","loss",4,4,1,0,-0.1,0
207,"Hi","loss",3,3,2,1,-1,0
207,"Hi","loss",3,3,1,0,-1,0
207,"Lo","loss",4,4,2,1,0,1
207,"Lo","loss",4,4,2,1,0,1
207,"Lo","gain",2,2,2,1,0.1,1
207,"Hi","loss",3,3,1,0,-1,0
207,"Lo","gain",2,2,1,0,0.1,1
207,"Lo","gain",2,2,1,0,0,0
207,"Lo","gain",2,2,2,1,0.1,1
207,"Hi","loss",3,3,1,0,0,1
207,"Lo","loss",4,4,1,0,-0.1,0
207,"Hi","gain",1,1,2,1,1,1
207,"Hi","gain",1,1,2,1,0,0
207,"Hi","gain",1,1,2,1,1,1
207,"Hi","loss",3,3,1,0,0,1
207,"Lo","loss",4,4,1,0,0,1
207,"Hi","gain",1,1,2,1,1,1
207,"Hi","loss",3,3,1,0,-1,0
207,"Hi","loss",3,3,1,0,-1,0
207,"Lo","gain",2,2,2,1,0.1,1
207,"Hi","gain",1,1,2,1,1,1
207,"Hi","loss",3,3,2,1,0,1
207,"Hi","gain",1,1,2,1,0,0
207,"Lo","loss",4,4,1,0,-0.1,0
207,"Lo","loss",4,4,2,1,0,1
207,"Lo","gain",2,2,2,1,0.1,1
207,"Lo","loss",4,4,2,1,0,1
207,"Lo","gain",2,2,2,1,0,0
207,"Lo","gain",2,2,2,1,0.1,1
207,"Lo","loss",4,4,2,1,-0.1,0
207,"Lo","gain",2,2,2,1,0.1,1
207,"Lo","gain",2,2,2,1,0.1,1
207,"Hi","loss",3,3,2,1,0,1
207,"Lo","loss",4,4,2,1,0,1
207,"Hi","gain",1,1,2,1,1,1
207,"Hi","gain",1,1,2,1,1,1
207,"Lo","loss",4,4,2,1,0,1
207,"Hi","loss",3,3,2,1,0,1
207,"Hi","loss",3,3,2,1,0,1
207,"Hi","gain",1,1,2,1,0,0
207,"Lo","loss",4,4,2,1,0,1
207,"Lo","gain",2,2,2,1,0,0
207,"Hi","gain",1,1,2,1,1,1
207,"Hi","loss",3,3,2,1,-1,0
207,"Lo","gain",2,2,2,1,0.1,1
207,"Hi","gain",1,1,2,1,1,1
207,"Lo","gain",2,2,2,1,0,0
207,"Lo","loss",4,4,2,1,0,1
207,"Hi","loss",3,3,2,1,0,1
207,"Lo","loss",4,4,2,1,0,1
207,"Hi","gain",1,1,2,1,1,1
207,"Lo","gain",2,2,2,1,0.1,1
207,"Lo","loss",4,4,2,1,-0.1,0
207,"Hi","gain",1,1,2,1,0,0
207,"Hi","loss",3,3,2,1,0,1
207,"Lo","gain",2,2,2,1,0.1,1
207,"Lo","gain",2,2,2,1,0.1,1
207,"Hi","loss",3,3,2,1,0,1
207,"Lo","loss",4,4,2,1,0,1
207,"Hi","loss",3,3,2,1,-1,0
207,"Hi","gain",1,1,2,1,1,1
207,"Lo","gain",2,2,2,1,0.1,1
207,"Hi","gain",1,1,2,1,0,0
207,"Hi","loss",3,3,2,1,0,1
207,"Hi","loss",3,3,2,1,-1,0
207,"Hi","gain",1,1,2,1,1,1
207,"Lo","gain",2,2,2,1,0.1,1
207,"Lo","loss",4,4,2,1,0,1
207,"Lo","gain",2,2,2,1,0.1,1
207,"Lo","gain",2,2,2,1,0,0
207,"Hi","gain",1,1,2,1,1,1
207,"Hi","gain",1,1,2,1,1,1
207,"Lo","loss",4,4,2,1,-0.1,0
207,"Lo","loss",4,4,2,1,0,1
207,"Lo","loss",4,4,2,1,0,1
207,"Hi","loss",3,3,2,1,0,1
207,"Hi","loss",3,3,2,1,0,1
207,"Lo","loss",8,4,2,1,0,1
207,"Lo","gain",6,2,2,1,0,0
207,"Lo","gain",6,2,2,1,0.1,1
207,"Hi","loss",7,3,2,1,-1,0
207,"Hi","gain",5,1,1,0,0,0
207,"Lo","gain",6,2,2,1,0.1,1
207,"Hi","loss",7,3,1,0,-1,0
207,"Lo","loss",8,4,1,0,-0.1,0
207,"Hi","gain",5,1,2,1,1,1
207,"Hi","loss",7,3,2,1,0,1
207,"Lo","gain",6,2,1,0,0.1,1
207,"Hi","gain",5,1,2,1,1,1
207,"Lo","loss",8,4,2,1,0,1
207,"Hi","gain",5,1,2,1,0,0
207,"Hi","loss",7,3,1,0,0,1
207,"Lo","loss",8,4,1,0,-0.1,0
207,"Hi","gain",5,1,2,1,1,1
207,"Hi","gain",5,1,2,1,0,0
207,"Lo","loss",8,4,1,0,0,1
207,"Hi","gain",5,1,2,1,1,1
207,"Lo","gain",6,2,1,0,0,0
207,"Lo","loss",8,4,1,0,-0.1,0
207,"Hi","loss",7,3,1,0,-1,0
207,"Lo","loss",8,4,2,1,0,1
207,"Hi","loss",7,3,2,1,0,1
207,"Hi","loss",7,3,2,1,-1,0
207,"Hi","gain",5,1,2,1,1,1
207,"Lo","loss",8,4,1,0,-0.1,0
207,"Lo","gain",6,2,1,0,0,0
207,"Hi","loss",7,3,2,1,0,1
207,"Lo","gain",6,2,1,0,0,0
207,"Lo","gain",6,2,1,0,0.1,1
207,"Lo","gain",6,2,1,0,0.1,1
207,"Hi","gain",5,1,2,1,1,1
207,"Lo","loss",8,4,2,1,0,1
207,"Lo","loss",8,4,1,0,-0.1,0
207,"Hi","gain",5,1,2,1,1,1
207,"Hi","loss",7,3,2,1,0,1
207,"Lo","loss",8,4,2,1,0,1
207,"Lo","gain",6,2,1,0,0,0
207,"Hi","gain",5,1,2,1,0,0
207,"Hi","loss",7,3,2,1,0,1
207,"Hi","gain",5,1,2,1,1,1
207,"Hi","loss",7,3,2,1,-1,0
207,"Hi","loss",7,3,2,1,0,1
207,"Lo","gain",6,2,1,0,0,0
207,"Lo","loss",8,4,2,1,0,1
207,"Lo","gain",6,2,1,0,0,0
207,"Hi","loss",7,3,2,1,0,1
207,"Hi","loss",7,3,2,1,-1,0
207,"Hi","gain",5,1,2,1,1,1
207,"Lo","gain",6,2,1,0,0,0
207,"Hi","gain",5,1,2,1,1,1
207,"Hi","gain",5,1,2,1,1,1
207,"Lo","loss",8,4,2,1,0,1
207,"Hi","loss",7,3,2,1,0,1
207,"Lo","loss",8,4,2,1,0,1
207,"Lo","loss",8,4,2,1,-0.1,0
207,"Lo","gain",6,2,1,0,0,0
207,"Hi","gain",5,1,2,1,0,0
207,"Lo","loss",8,4,2,1,0,1
207,"Lo","gain",6,2,1,0,0.1,1
207,"Hi","loss",7,3,2,1,0,1
207,"Lo","gain",6,2,1,0,0,0
207,"Lo","loss",8,4,2,1,0,1
207,"Hi","gain",5,1,2,1,1,1
207,"Hi","loss",7,3,2,1,0,1
207,"Hi","loss",7,3,2,1,-1,0
207,"Hi","gain",5,1,2,1,1,1
207,"Hi","loss",7,3,2,1,0,1
207,"Lo","loss",8,4,1,0,-0.1,0
207,"Hi","loss",7,3,2,1,0,1
207,"Lo","gain",6,2,1,0,0,0
207,"Lo","loss",8,4,2,1,0,1
207,"Hi","gain",5,1,2,1,1,1
207,"Lo","loss",8,4,2,1,0,1
207,"Lo","gain",6,2,1,0,0.1,1
207,"Lo","gain",6,2,1,0,0,0
207,"Hi","gain",5,1,2,1,0,0
207,"Lo","gain",6,2,1,0,0,0
208,"Lo","loss",4,4,1,0,-0.1,0
208,"Hi","gain",1,1,2,1,1,1
208,"Lo","loss",4,4,1,0,-0.1,0
208,"Lo","gain",2,2,1,0,0,0
208,"Lo","loss",4,4,1,0,-0.1,0
208,"Lo","gain",2,2,2,1,0,0
208,"Hi","gain",1,1,2,1,0,0
208,"Hi","loss",3,3,2,1,0,1
208,"Hi","loss",3,3,1,0,-1,0
208,"Lo","gain",2,2,2,1,0.1,1
208,"Lo","gain",2,2,2,1,0.1,1
208,"Hi","gain",1,1,2,1,1,1
208,"Lo","loss",4,4,2,1,0,1
208,"Hi","loss",3,3,1,0,0,1
208,"Hi","loss",3,3,1,0,-1,0
208,"Hi","gain",1,1,2,1,1,1
208,"Lo","gain",2,2,1,0,0,0
208,"Hi","gain",1,1,2,1,1,1
208,"Hi","gain",1,1,2,1,0,0
208,"Hi","loss",3,3,1,0,-1,0
208,"Lo","loss",4,4,1,0,-0.1,0
208,"Hi","gain",1,1,2,1,1,1
208,"Lo","loss",4,4,1,0,-0.1,0
208,"Hi","loss",3,3,2,1,0,1
208,"Hi","loss",3,3,2,1,0,1
208,"Lo","loss",4,4,1,0,0,1
208,"Lo","loss",4,4,1,0,-0.1,0
208,"Lo","gain",2,2,2,1,0,0
208,"Hi","gain",1,1,2,1,1,1
208,"Lo","gain",2,2,1,0,0,0
208,"Hi","loss",3,3,2,1,-1,0
208,"Lo","gain",2,2,1,0,0.1,1
208,"Hi","gain",1,1,2,1,1,1
208,"Hi","loss",3,3,2,1,0,1
208,"Lo","loss",4,4,1,0,-0.1,0
208,"Lo","loss",4,4,2,1,0,1
208,"Lo","loss",4,4,1,0,-0.1,0
208,"Lo","gain",2,2,1,0,0,0
208,"Lo","gain",2,2,1,0,0,0
208,"Hi","gain",1,1,2,1,1,1
208,"Lo","gain",2,2,1,0,0.1,1
208,"Hi","loss",3,3,1,0,-1,0
208,"Lo","gain",2,2,1,0,0,0
208,"Hi","loss",3,3,2,1,0,1
208,"Hi","gain",1,1,2,1,0,0
208,"Hi","gain",1,1,2,1,1,1
208,"Hi","loss",3,3,2,1,0,1
208,"Lo","loss",4,4,2,1,-0.1,0
208,"Lo","gain",2,2,1,0,0.1,1
208,"Lo","loss",4,4,1,0,0,1
208,"Hi","gain",1,1,2,1,0,0
208,"Lo","loss",4,4,1,0,-0.1,0
208,"Hi","gain",1,1,2,1,1,1
208,"Lo","gain",2,2,1,0,0,0
208,"Hi","loss",3,3,2,1,0,1
208,"Lo","gain",2,2,1,0,0,0
208,"Lo","gain",2,2,1,0,0,0
208,"Lo","loss",4,4,1,0,-0.1,0
208,"Hi","gain",1,1,2,1,1,1
208,"Hi","loss",3,3,2,1,0,1
208,"Hi","loss",3,3,2,1,-1,0
208,"Lo","loss",4,4,1,0,-0.1,0
208,"Hi","gain",1,1,2,1,1,1
208,"Hi","loss",3,3,2,1,0,1
208,"Hi","loss",3,3,2,1,0,1
208,"Lo","loss",4,4,1,0,-0.1,0
208,"Lo","loss",4,4,1,0,0,1
208,"Lo","gain",2,2,1,0,0,0
208,"Hi","gain",1,1,2,1,1,1
208,"Hi","loss",3,3,2,1,0,1
208,"Hi","loss",3,3,2,1,0,1
208,"Hi","loss",3,3,2,1,-1,0
208,"Lo","gain",2,2,1,0,0,0
208,"Hi","gain",1,1,2,1,1,1
208,"Lo","gain",2,2,1,0,0,0
208,"Lo","gain",2,2,1,0,0.1,1
208,"Lo","loss",4,4,1,0,-0.1,0
208,"Lo","loss",4,4,1,0,-0.1,0
208,"Hi","gain",1,1,2,1,1,1
208,"Hi","gain",1,1,2,1,0,0
208,"Hi","gain",5,1,2,1,1,1
208,"Hi","loss",7,3,2,1,0,1
208,"Hi","gain",5,1,2,1,0,0
208,"Hi","loss",7,3,1,0,-1,0
208,"Hi","loss",7,3,2,1,0,1
208,"Lo","gain",6,2,2,1,0.1,1
208,"Lo","loss",8,4,2,1,-0.1,0
208,"Lo","gain",6,2,1,0,0,0
208,"Hi","gain",5,1,2,1,1,1
208,"Lo","loss",8,4,2,1,0,1
208,"Lo","loss",8,4,2,1,0,1
208,"Lo","gain",6,2,1,0,0.1,1
208,"Hi","loss",7,3,2,1,-1,0
208,"Lo","gain",6,2,1,0,0,0
208,"Lo","loss",8,4,2,1,0,1
208,"Hi","gain",5,1,2,1,1,1
208,"Hi","loss",7,3,2,1,0,1
208,"Lo","loss",8,4,2,1,0,1
208,"Lo","gain",6,2,1,0,0,0
208,"Hi","loss",7,3,2,1,-1,0
208,"Lo","gain",6,2,1,0,0,0
208,"Lo","loss",8,4,2,1,0,1
208,"Hi","gain",5,1,2,1,1,1
208,"Lo","gain",6,2,1,0,0,0
208,"Hi","gain",5,1,2,1,1,1
208,"Lo","loss",8,4,2,1,0,1
208,"Hi","gain",5,1,2,1,1,1
208,"Hi","gain",5,1,2,1,0,0
208,"Hi","loss",7,3,2,1,0,1
208,"Lo","gain",6,2,1,0,0.1,1
208,"Lo","loss",8,4,2,1,-0.1,0
208,"Hi","loss",7,3,2,1,0,1
208,"Hi","gain",5,1,2,1,1,1
208,"Lo","loss",8,4,2,1,0,1
208,"Hi","loss",7,3,2,1,0,1
208,"Hi","gain",5,1,2,1,1,1
208,"Hi","loss",7,3,2,1,-1,0
208,"Lo","loss",8,4,2,1,0,1
208,"Hi","loss",7,3,2,1,0,1
208,"Lo","gain",6,2,1,0,0,0
208,"Lo","gain",6,2,1,0,0.1,1
208,"Lo","loss",8,4,2,1,-0.1,0
208,"Lo","gain",6,2,1,0,0,0
208,"Hi","loss",7,3,2,1,0,1
208,"Lo","loss",8,4,1,0,-0.1,0
208,"Lo","gain",6,2,1,0,0,0
208,"Hi","gain",5,1,2,1,1,1
208,"Hi","gain",5,1,2,1,0,0
208,"Lo","loss",8,4,2,1,-0.1,0
208,"Lo","gain",6,2,1,0,0,0
208,"Hi","loss",7,3,2,1,0,1
208,"Lo","gain",6,2,1,0,0,0
208,"Hi","loss",7,3,2,1,-1,0
208,"Lo","gain",6,2,2,1,0.1,1
208,"Hi","loss",7,3,2,1,0,1
208,"Hi","loss",7,3,2,1,0,1
208,"Hi","gain",5,1,2,1,1,1
208,"Lo","loss",8,4,2,1,0,1
208,"Hi","gain",5,1,2,1,1,1
208,"Hi","gain",5,1,2,1,0,0
208,"Lo","gain",6,2,2,1,0,0
208,"Lo","loss",8,4,2,1,0,1
208,"Lo","loss",8,4,2,1,0,1
208,"Hi","gain",5,1,2,1,1,1
208,"Hi","loss",7,3,2,1,0,1
208,"Lo","gain",6,2,2,1,0.1,1
208,"Lo","loss",8,4,2,1,-0.1,0
208,"Lo","loss",8,4,2,1,0,1
208,"Lo","loss",8,4,2,1,0,1
208,"Lo","gain",6,2,2,1,0,0
208,"Hi","gain",5,1,2,1,1,1
208,"Lo","loss",8,4,2,1,0,1
208,"Hi","loss",7,3,2,1,-1,0
208,"Hi","loss",7,3,2,1,0,1
208,"Lo","gain",6,2,2,1,0.1,1
208,"Hi","gain",5,1,2,1,1,1
208,"Hi","loss",7,3,2,1,0,1
208,"Lo","gain",6,2,2,1,0.1,1
208,"Hi","gain",5,1,2,1,0,0
208,"Hi","gain",5,1,2,1,1,1
209,"Hi","gain",1,1,2,1,0,0
209,"Lo","gain",2,2,2,1,0.1,1
209,"Lo","gain",2,2,2,1,0.1,1
209,"Hi","loss",3,3,2,1,0,1
209,"Hi","loss",3,3,1,0,0,1
209,"Lo","gain",2,2,2,1,0,0
209,"Lo","loss",4,4,1,0,0,1
209,"Hi","gain",1,1,1,0,0,0
209,"Lo","loss",4,4,2,1,0,1
209,"Hi","loss",3,3,2,1,0,1
209,"Lo","loss",4,4,2,1,-0.1,0
209,"Lo","loss",4,4,1,0,-0.1,0
209,"Hi","gain",1,1,1,0,0,0
209,"Lo","gain",2,2,2,1,0.1,1
209,"Hi","loss",3,3,1,0,-1,0
209,"Hi","gain",1,1,2,1,1,1
209,"Hi","loss",3,3,2,1,0,1
209,"Lo","loss",4,4,2,1,0,1
209,"Lo","loss",4,4,2,1,-0.1,0
209,"Lo","gain",2,2,2,1,0,0
209,"Lo","loss",4,4,1,0,0,1
209,"Hi","loss",3,3,2,1,-1,0
209,"Hi","gain",1,1,2,1,0,0
209,"Lo","loss",4,4,2,1,0,1
209,"Hi","loss",3,3,2,1,0,1
209,"Hi","gain",1,1,2,1,1,1
209,"Lo","gain",2,2,2,1,0.1,1
209,"Hi","gain",1,1,2,1,1,1
209,"Lo","gain",2,2,2,1,0.1,1
209,"Hi","gain",1,1,2,1,1,1
209,"Hi","loss",3,3,2,1,0,1
209,"Lo","gain",2,2,2,1,0.1,1
209,"Lo","gain",2,2,1,0,0,0
209,"Lo","loss",4,4,2,1,-0.1,0
209,"Lo","loss",4,4,1,0,-0.1,0
209,"Lo","loss",4,4,1,0,-0.1,0
209,"Lo","gain",2,2,2,1,0.1,1
209,"Hi","loss",3,3,2,1,0,1
209,"Hi","loss",3,3,2,1,-1,0
209,"Hi","gain",1,1,2,1,1,1
209,"Hi","loss",3,3,1,0,0,1
209,"Hi","gain",1,1,2,1,0,0
209,"Hi","loss",3,3,1,0,-1,0
209,"Lo","gain",2,2,2,1,0,0
209,"Hi","gain",1,1,2,1,1,1
209,"Lo","gain",2,2,2,1,0.1,1
209,"Lo","loss",4,4,2,1,0,1
209,"Hi","gain",1,1,2,1,1,1
209,"Lo","gain",2,2,2,1,0.1,1
209,"Lo","loss",4,4,2,1,0,1
209,"Lo","loss",4,4,2,1,0,1
209,"Hi","loss",3,3,2,1,-1,0
209,"Hi","loss",3,3,1,0,0,1
209,"Hi","gain",1,1,2,1,1,1
209,"Lo","gain",2,2,2,1,0.1,1
209,"Hi","gain",1,1,2,1,1,1
209,"Hi","gain",1,1,2,1,0,0
209,"Lo","loss",4,4,2,1,0,1
209,"Lo","gain",2,2,2,1,0.1,1
209,"Hi","loss",3,3,1,0,-1,0
209,"Lo","gain",2,2,2,1,0,0
209,"Hi","gain",1,1,2,1,1,1
209,"Hi","loss",3,3,1,0,-1,0
209,"Lo","loss",4,4,1,0,0,1
209,"Hi","loss",3,3,2,1,0,1
209,"Hi","gain",1,1,2,1,1,1
209,"Lo","loss",4,4,1,0,-0.1,0
209,"Hi","loss",3,3,2,1,0,1
209,"Lo","loss",4,4,2,1,0,1
209,"Lo","loss",4,4,2,1,0,1
209,"Lo","gain",2,2,2,1,0,0
209,"Hi","gain",1,1,2,1,1,1
209,"Lo","gain",2,2,2,1,0.1,1
209,"Lo","loss",4,4,1,0,-0.1,0
209,"Lo","gain",2,2,2,1,0.1,1
209,"Hi","gain",1,1,2,1,0,0
209,"Lo","gain",2,2,2,1,0.1,1
209,"Hi","gain",1,1,2,1,1,1
209,"Hi","loss",3,3,1,0,-1,0
209,"Hi","loss",3,3,2,1,0,1
209,"Lo","loss",8,4,2,1,0,1
209,"Lo","loss",8,4,1,0,-0.1,0
209,"Lo","gain",6,2,1,0,0,0
209,"Hi","loss",7,3,1,0,-1,0
209,"Lo","gain",6,2,2,1,0,0
209,"Hi","loss",7,3,2,1,0,1
209,"Hi","loss",7,3,2,1,-1,0
209,"Hi","gain",5,1,1,0,1,1
209,"Lo","loss",8,4,1,0,-0.1,0
209,"Hi","gain",5,1,1,0,0,0
209,"Lo","gain",6,2,2,1,0.1,1
209,"Lo","loss",8,4,2,1,-0.1,0
209,"Hi","loss",7,3,2,1,0,1
209,"Hi","gain",5,1,1,0,0,0
209,"Lo","gain",6,2,2,1,0.1,1
209,"Hi","gain",5,1,1,0,0,0
209,"Hi","loss",7,3,2,1,0,1
209,"Lo","loss",8,4,2,1,0,1
209,"Hi","loss",7,3,2,1,0,1
209,"Lo","gain",6,2,2,1,0,0
209,"Hi","gain",5,1,1,0,0,0
209,"Hi","loss",7,3,2,1,0,1
209,"Hi","gain",5,1,1,0,0,0
209,"Hi","loss",7,3,2,1,-1,0
209,"Lo","loss",8,4,2,1,0,1
209,"Lo","gain",6,2,2,1,0.1,1
209,"Lo","loss",8,4,2,1,0,1
209,"Lo","gain",6,2,1,0,0,0
209,"Lo","loss",8,4,2,1,-0.1,0
209,"Hi","gain",5,1,1,0,0,0
209,"Lo","gain",6,2,2,1,0.1,1
209,"Hi","gain",5,1,1,0,1,1
209,"Hi","gain",5,1,1,0,0,0
209,"Lo","loss",8,4,1,0,-0.1,0
209,"Lo","gain",6,2,2,1,0.1,1
209,"Lo","loss",8,4,2,1,0,1
209,"Hi","loss",7,3,2,1,0,1
209,"Lo","gain",6,2,2,1,0.1,1
209,"Hi","loss",7,3,2,1,-1,0
209,"Lo","loss",8,4,2,1,-0.1,0
209,"Lo","gain",6,2,2,1,0.1,1
209,"Hi","gain",5,1,1,0,0,0
209,"Hi","loss",7,3,1,0,-1,0
209,"Hi","gain",5,1,1,0,1,1
209,"Hi","loss",7,3,2,1,0,1
209,"Lo","loss",8,4,2,1,0,1
209,"Lo","gain",6,2,2,1,0,0
209,"Hi","gain",5,1,1,0,0,0
209,"Lo","gain",6,2,2,1,0,0
209,"Hi","gain",5,1,1,0,1,1
209,"Lo","gain",6,2,2,1,0.1,1
209,"Hi","loss",7,3,2,1,0,1
209,"Lo","loss",8,4,2,1,0,1
209,"Hi","loss",7,3,2,1,0,1
209,"Lo","loss",8,4,2,1,-0.1,0
209,"Lo","gain",6,2,2,1,0.1,1
209,"Hi","loss",7,3,2,1,0,1
209,"Hi","gain",5,1,1,0,0,0
209,"Lo","loss",8,4,2,1,0,1
209,"Lo","gain",6,2,2,1,0.1,1
209,"Lo","loss",8,4,2,1,0,1
209,"Hi","gain",5,1,1,0,0,0
209,"Hi","gain",5,1,1,0,0,0
209,"Hi","loss",7,3,2,1,-1,0
209,"Lo","loss",8,4,2,1,0,1
209,"Hi","gain",5,1,1,0,1,1
209,"Hi","gain",5,1,1,0,0,0
209,"Lo","gain",6,2,2,1,0.1,1
209,"Lo","loss",8,4,2,1,-0.1,0
209,"Hi","loss",7,3,2,1,0,1
209,"Hi","gain",5,1,1,0,0,0
209,"Lo","gain",6,2,2,1,0,0
209,"Hi","loss",7,3,2,1,-1,0
209,"Hi","loss",7,3,1,0,-1,0
209,"Lo","gain",6,2,2,1,0.1,1
209,"Hi","gain",5,1,1,0,0,0
209,"Hi","loss",7,3,2,1,0,1
209,"Lo","loss",8,4,2,1,0,1
209,"Lo","loss",8,4,2,1,0,1
209,"Lo","gain",6,2,2,1,0.1,1
210,"Hi","gain",1,1,2,1,1,1
210,"Hi","loss",3,3,2,1,0,1
210,"Lo","gain",2,2,1,0,0,0
210,"Lo","gain",2,2,2,1,0,0
210,"Lo","loss",4,4,2,1,-0.1,0
210,"Lo","gain",2,2,2,1,0.1,1
210,"Hi","loss",3,3,2,1,0,1
210,"Hi","gain",1,1,2,1,0,0
210,"Lo","loss",4,4,1,0,0,1
210,"Hi","gain",1,1,1,0,1,1
210,"Lo","loss",4,4,1,0,-0.1,0
210,"Lo","loss",4,4,1,0,-0.1,0
210,"Lo","gain",2,2,2,1,0.1,1
210,"Hi","loss",3,3,2,1,0,1
210,"Hi","gain",1,1,2,1,1,1
210,"Hi","loss",3,3,2,1,-1,0
210,"Hi","gain",1,1,1,0,0,0
210,"Lo","gain",2,2,1,0,0,0
210,"Hi","loss",3,3,2,1,0,1
210,"Lo","gain",2,2,1,0,0,0
210,"Lo","loss",4,4,1,0,-0.1,0
210,"Hi","gain",1,1,2,1,1,1
210,"Lo","gain",2,2,2,1,0.1,1
210,"Hi","gain",1,1,1,0,0,0
210,"Lo","loss",4,4,2,1,0,1
210,"Hi","loss",3,3,2,1,0,1
210,"Hi","gain",1,1,1,0,0,0
210,"Lo","loss",4,4,1,0,-0.1,0
210,"Lo","loss",4,4,2,1,0,1
210,"Hi","loss",3,3,2,1,-1,0
210,"Lo","gain",2,2,2,1,0.1,1
210,"Hi","loss",3,3,1,0,-1,0
210,"Hi","gain",1,1,1,0,1,1
210,"Lo","gain",2,2,1,0,0,0
210,"Lo","gain",2,2,2,1,0.1,1
210,"Lo","gain",2,2,2,1,0.1,1
210,"Lo","loss",4,4,2,1,-0.1,0
210,"Lo","loss",4,4,1,0,0,1
210,"Hi","loss",3,3,1,0,-1,0
210,"Hi","loss",3,3,1,0,-1,0
210,"Hi","gain",1,1,1,0,0,0
210,"Hi","loss",3,3,2,1,0,1
210,"Hi","loss",3,3,1,0,-1,0
210,"Hi","gain",1,1,1,0,0,0
210,"Hi","gain",1,1,1,0,0,0
210,"Lo","loss",4,4,1,0,-0.1,0
210,"Lo","gain",2,2,2,1,0.1,1
210,"Lo","loss",4,4,1,0,-0.1,0
210,"Hi","loss",3,3,2,1,0,1
210,"Hi","gain",1,1,2,1,1,1
210,"Lo","gain",2,2,2,1,0.1,1
210,"Lo","loss",4,4,1,0,-0.1,0
210,"Hi","gain",1,1,2,1,1,1
210,"Hi","loss",3,3,2,1,0,1
210,"Hi","gain",1,1,2,1,0,0
210,"Lo","loss",4,4,1,0,0,1
210,"Lo","loss",4,4,1,0,-0.1,0
210,"Hi","loss",3,3,2,1,0,1
210,"Lo","loss",4,4,2,1,-0.1,0
210,"Hi","loss",3,3,2,1,-1,0
210,"Lo","gain",2,2,2,1,0,0
210,"Hi","gain",1,1,1,0,0,0
210,"Lo","gain",2,2,2,1,0.1,1
210,"Lo","gain",2,2,1,0,0,0
210,"Lo","loss",4,4,2,1,0,1
210,"Hi","loss",3,3,2,1,0,1
210,"Lo","loss",4,4,1,0,-0.1,0
210,"Hi","loss",3,3,2,1,0,1
210,"Hi","gain",1,1,2,1,0,0
210,"Hi","gain",1,1,2,1,1,1
210,"Hi","gain",1,1,2,1,1,1
210,"Hi","loss",3,3,2,1,0,1
210,"Lo","gain",2,2,1,0,0,0
210,"Hi","gain",1,1,2,1,1,1
210,"Lo","gain",2,2,2,1,0,0
210,"Lo","loss",4,4,2,1,-0.1,0
210,"Hi","loss",3,3,2,1,-1,0
210,"Lo","gain",2,2,2,1,0.1,1
210,"Lo","loss",4,4,2,1,0,1
210,"Lo","gain",2,2,1,0,0.1,1
210,"Lo","gain",6,2,2,1,0.1,1
210,"Lo","gain",6,2,2,1,0.1,1
210,"Lo","gain",6,2,1,0,0,0
210,"Hi","gain",5,1,1,0,0,0
210,"Hi","loss",7,3,2,1,0,1
210,"Hi","loss",7,3,1,0,-1,0
210,"Hi","loss",7,3,2,1,0,1
210,"Lo","loss",8,4,2,1,-0.1,0
210,"Hi","gain",5,1,1,0,0,0
210,"Hi","gain",5,1,1,0,0,0
210,"Hi","loss",7,3,2,1,-1,0
210,"Hi","gain",5,1,2,1,1,1
210,"Lo","gain",6,2,1,0,0,0
210,"Lo","loss",8,4,2,1,0,1
210,"Lo","loss",8,4,1,0,-0.1,0
210,"Lo","loss",8,4,2,1,0,1
210,"Lo","gain",6,2,2,1,0.1,1
210,"Lo","gain",6,2,1,0,0,0
210,"Lo","loss",8,4,2,1,0,1
210,"Hi","gain",5,1,2,1,1,1
210,"Lo","gain",6,2,2,1,0.1,1
210,"Lo","loss",8,4,1,0,-0.1,0
210,"Lo","loss",8,4,2,1,0,1
210,"Hi","gain",5,1,2,1,0,0
210,"Hi","loss",7,3,1,0,0,1
210,"Hi","loss",7,3,1,0,-1,0
210,"Hi","loss",7,3,2,1,0,1
210,"Hi","gain",5,1,2,1,1,1
210,"Hi","gain",5,1,2,1,1,1
210,"Lo","gain",6,2,2,1,0.1,1
210,"Lo","loss",8,4,2,1,-0.1,0
210,"Hi","loss",7,3,2,1,0,1
210,"Lo","loss",8,4,2,1,0,1
210,"Hi","gain",5,1,2,1,1,1
210,"Lo","gain",6,2,2,1,0.1,1
210,"Hi","gain",5,1,2,1,1,1
210,"Hi","loss",7,3,2,1,0,1
210,"Lo","loss",8,4,2,1,-0.1,0
210,"Lo","gain",6,2,2,1,0.1,1
210,"Hi","loss",7,3,1,0,-1,0
210,"Lo","gain",6,2,2,1,0,0
210,"Hi","gain",5,1,2,1,0,0
210,"Hi","loss",7,3,2,1,0,1
210,"Hi","loss",7,3,2,1,0,1
210,"Lo","loss",8,4,2,1,0,1
210,"Lo","loss",8,4,2,1,0,1
210,"Hi","gain",5,1,2,1,1,1
210,"Lo","gain",6,2,2,1,0.1,1
210,"Hi","gain",5,1,2,1,1,1
210,"Hi","gain",5,1,2,1,1,1
210,"Lo","gain",6,2,2,1,0.1,1
210,"Hi","loss",7,3,2,1,0,1
210,"Hi","loss",7,3,2,1,0,1
210,"Lo","loss",8,4,2,1,0,1
210,"Lo","loss",8,4,2,1,0,1
210,"Lo","gain",6,2,1,0,0.1,1
210,"Hi","gain",5,1,2,1,0,0
210,"Hi","gain",5,1,2,1,1,1
210,"Lo","loss",8,4,2,1,0,1
210,"Hi","loss",7,3,2,1,-1,0
210,"Lo","gain",6,2,2,1,0.1,1
210,"Lo","gain",6,2,1,0,0,0
210,"Hi","loss",7,3,2,1,0,1
210,"Lo","loss",8,4,2,1,-0.1,0
210,"Lo","gain",6,2,1,0,0,0
210,"Hi","loss",7,3,2,1,0,1
210,"Lo","gain",6,2,2,1,0.1,1
210,"Hi","loss",7,3,2,1,0,1
210,"Lo","loss",8,4,2,1,0,1
210,"Lo","gain",6,2,2,1,0.1,1
210,"Lo","gain",6,2,2,1,0.1,1
210,"Hi","gain",5,1,2,1,1,1
210,"Lo","loss",8,4,2,1,0,1
210,"Lo","loss",8,4,2,1,-0.1,0
210,"Hi","gain",5,1,2,1,0,0
210,"Lo","loss",8,4,2,1,0,1
210,"Hi","gain",5,1,2,1,1,1
210,"Hi","loss",7,3,2,1,0,1
210,"Hi","gain",5,1,2,1,1,1
210,"Hi","loss",7,3,2,1,-1,0
211,"Hi","loss",3,3,2,1,-1,0
211,"Lo","loss",4,4,1,0,-0.1,0
211,"Lo","loss",4,4,1,0,-0.1,0
211,"Lo","gain",2,2,2,1,0.1,1
211,"Lo","gain",2,2,1,0,0,0
211,"Lo","gain",2,2,2,1,0,0
211,"Hi","gain",1,1,2,1,0,0
211,"Hi","gain",1,1,2,1,1,1
211,"Hi","loss",3,3,1,0,0,1
211,"Lo","gain",2,2,1,0,0,0
211,"Hi","gain",1,1,2,1,1,1
211,"Hi","gain",1,1,2,1,1,1
211,"Hi","loss",3,3,2,1,0,1
211,"Lo","loss",4,4,1,0,0,1
211,"Lo","loss",4,4,1,0,-0.1,0
211,"Hi","loss",3,3,1,0,-1,0
211,"Lo","gain",2,2,2,1,0,0
211,"Lo","gain",2,2,1,0,0,0
211,"Lo","loss",4,4,1,0,0,1
211,"Lo","gain",2,2,1,0,0.1,1
211,"Lo","loss",4,4,1,0,-0.1,0
211,"Hi","gain",1,1,2,1,1,1
211,"Hi","loss",3,3,1,0,0,1
211,"Hi","loss",3,3,1,0,-1,0
211,"Lo","loss",4,4,1,0,-0.1,0
211,"Lo","loss",4,4,1,0,-0.1,0
211,"Hi","loss",3,3,2,1,-1,0
211,"Lo","gain",2,2,2,1,0.1,1
211,"Hi","gain",1,1,2,1,1,1
211,"Hi","gain",1,1,2,1,1,1
211,"Hi","loss",3,3,2,1,0,1
211,"Hi","gain",1,1,2,1,0,0
211,"Lo","gain",2,2,2,1,0.1,1
211,"Lo","loss",4,4,2,1,0,1
211,"Hi","loss",3,3,2,1,-1,0
211,"Hi","gain",1,1,2,1,1,1
211,"Lo","loss",4,4,1,0,-0.1,0
211,"Lo","loss",4,4,1,0,-0.1,0
211,"Lo","gain",2,2,1,0,0.1,1
211,"Lo","gain",2,2,2,1,0.1,1
211,"Lo","gain",2,2,1,0,0,0
211,"Hi","loss",3,3,1,0,0,1
211,"Hi","gain",1,1,2,1,1,1
211,"Hi","gain",1,1,2,1,0,0
211,"Hi","loss",3,3,1,0,-1,0
211,"Hi","loss",3,3,1,0,-1,0
211,"Hi","gain",1,1,2,1,1,1
211,"Lo","loss",4,4,1,0,0,1
211,"Hi","gain",1,1,2,1,1,1
211,"Hi","gain",1,1,2,1,1,1
211,"Lo","gain",2,2,1,0,0,0
211,"Hi","loss",3,3,1,0,-1,0
211,"Hi","gain",1,1,2,1,1,1
211,"Hi","gain",1,1,2,1,0,0
211,"Lo","gain",2,2,1,0,0.1,1
211,"Lo","gain",2,2,1,0,0,0
211,"Lo","loss",4,4,2,1,0,1
211,"Lo","loss",4,4,1,0,0,1
211,"Lo","loss",4,4,2,1,-0.1,0
211,"Hi","loss",3,3,2,1,0,1
211,"Hi","loss",3,3,1,0,-1,0
211,"Hi","loss",3,3,2,1,-1,0
211,"Lo","gain",2,2,2,1,0,0
211,"Lo","loss",4,4,1,0,-0.1,0
211,"Hi","loss",3,3,2,1,-1,0
211,"Lo","gain",2,2,2,1,0,0
211,"Hi","loss",3,3,1,0,-1,0
211,"Hi","gain",1,1,2,1,1,1
211,"Lo","loss",4,4,1,0,-0.1,0
211,"Hi","loss",3,3,1,0,-1,0
211,"Hi","loss",3,3,1,0,-1,0
211,"Lo","gain",2,2,1,0,0,0
211,"Lo","loss",4,4,2,1,0,1
211,"Lo","gain",2,2,1,0,0,0
211,"Lo","loss",4,4,1,0,-0.1,0
211,"Lo","gain",2,2,2,1,0.1,1
211,"Hi","gain",1,1,2,1,1,1
211,"Lo","loss",4,4,2,1,0,1
211,"Hi","gain",1,1,2,1,0,0
211,"Hi","gain",1,1,2,1,1,1
211,"Hi","loss",7,3,1,0,-1,0
211,"Lo","loss",8,4,1,0,-0.1,0
211,"Hi","gain",5,1,1,0,0,0
211,"Lo","loss",8,4,2,1,-0.1,0
211,"Lo","gain",6,2,2,1,0.1,1
211,"Hi","loss",7,3,2,1,0,1
211,"Lo","loss",8,4,2,1,0,1
211,"Lo","gain",6,2,1,0,0,0
211,"Hi","loss",7,3,2,1,0,1
211,"Lo","loss",8,4,1,0,-0.1,0
211,"Hi","gain",5,1,2,1,1,1
211,"Lo","gain",6,2,1,0,0,0
211,"Lo","gain",6,2,1,0,0,0
211,"Hi","gain",5,1,2,1,1,1
211,"Hi","loss",7,3,1,0,-1,0
211,"Hi","gain",5,1,1,0,0,0
211,"Lo","loss",8,4,2,1,0,1
211,"Lo","gain",6,2,2,1,0.1,1
211,"Lo","loss",8,4,1,0,-0.1,0
211,"Hi","loss",7,3,1,0,-1,0
211,"Hi","loss",7,3,2,1,0,1
211,"Hi","gain",5,1,2,1,1,1
211,"Hi","gain",5,1,2,1,1,1
211,"Hi","gain",5,1,2,1,1,1
211,"Lo","gain",6,2,1,0,0,0
211,"Lo","loss",8,4,1,0,-0.1,0
211,"Hi","loss",7,3,1,0,-1,0
211,"Lo","gain",6,2,1,0,0.1,1
211,"Lo","gain",6,2,1,0,0,0
211,"Hi","loss",7,3,2,1,0,1
211,"Lo","loss",8,4,2,1,0,1
211,"Hi","gain",5,1,1,0,0,0
211,"Hi","loss",7,3,2,1,-1,0
211,"Hi","loss",7,3,1,0,0,1
211,"Lo","loss",8,4,2,1,0,1
211,"Hi","gain",5,1,2,1,0,0
211,"Lo","loss",8,4,1,0,-0.1,0
211,"Hi","loss",7,3,2,1,0,1
211,"Lo","loss",8,4,2,1,0,1
211,"Hi","loss",7,3,2,1,0,1
211,"Hi","gain",5,1,1,0,0,0
211,"Lo","gain",6,2,1,0,0.1,1
211,"Lo","gain",6,2,1,0,0,0
211,"Lo","gain",6,2,1,0,0,0
211,"Lo","gain",6,2,1,0,0,0
211,"Hi","gain",5,1,2,1,1,1
211,"Lo","loss",8,4,1,0,-0.1,0
211,"Hi","gain",5,1,2,1,1,1
211,"Lo","gain",6,2,2,1,0.1,1
211,"Hi","gain",5,1,2,1,1,1
211,"Lo","gain",6,2,1,0,0,0
211,"Lo","loss",8,4,1,0,-0.1,0
211,"Hi","gain",5,1,2,1,1,1
211,"Lo","loss",8,4,1,0,0,1
211,"Lo","gain",6,2,2,1,0,0
211,"Lo","loss",8,4,1,0,-0.1,0
211,"Lo","loss",8,4,1,0,-0.1,0
211,"Hi","gain",5,1,2,1,0,0
211,"Lo","gain",6,2,2,1,0.1,1
211,"Hi","loss",7,3,2,1,0,1
211,"Hi","loss",7,3,2,1,0,1
211,"Hi","gain",5,1,2,1,1,1
211,"Hi","loss",7,3,2,1,-1,0
211,"Hi","loss",7,3,2,1,0,1
211,"Lo","loss",8,4,2,1,0,1
211,"Hi","gain",5,1,2,1,0,0
211,"Hi","gain",5,1,2,1,1,1
211,"Lo","loss",8,4,1,0,-0.1,0
211,"Hi","loss",7,3,1,0,0,1
211,"Hi","gain",5,1,2,1,1,1
211,"Lo","gain",6,2,1,0,0,0
211,"Hi","loss",7,3,2,1,-1,0
211,"Lo","gain",6,2,2,1,0.1,1
211,"Hi","gain",5,1,2,1,1,1
211,"Lo","loss",8,4,2,1,0,1
211,"Hi","loss",7,3,1,0,-1,0
211,"Lo","gain",6,2,2,1,0.1,1
211,"Lo","gain",6,2,2,1,0.1,1
211,"Hi","loss",7,3,2,1,0,1
211,"Lo","loss",8,4,2,1,-0.1,0
212,"Hi","gain",1,1,1,0,0,0
212,"Lo","loss",4,4,2,1,-0.1,0
212,"Lo","gain",2,2,1,0,0,0
212,"Hi","gain",1,1,2,1,1,1
212,"Hi","loss",3,3,1,0,-1,0
212,"Hi","loss",3,3,2,1,-1,0
212,"Lo","loss",4,4,2,1,0,1
212,"Lo","loss",4,4,1,0,-0.1,0
212,"Lo","gain",2,2,1,0,0,0
212,"Hi","loss",3,3,2,1,0,1
212,"Hi","gain",1,1,1,0,0,0
212,"Lo","loss",4,4,2,1,0,1
212,"Lo","gain",2,2,1,0,0.1,1
212,"Lo","gain",2,2,1,0,0,0
212,"Hi","loss",3,3,2,1,0,1
212,"Hi","gain",1,1,1,0,0,0
212,"Hi","gain",1,1,2,1,0,0
212,"Hi","loss",3,3,2,1,0,1
212,"Hi","gain",1,1,1,0,1,1
212,"Hi","gain",1,1,1,0,0,0
212,"Hi","loss",3,3,2,1,0,1
212,"Lo","loss",4,4,2,1,0,1
212,"Lo","loss",4,4,2,1,0,1
212,"Lo","loss",4,4,1,0,0,1
212,"Lo","gain",2,2,1,0,0.1,1
212,"Lo","gain",2,2,1,0,0,0
212,"Hi","loss",3,3,2,1,0,1
212,"Hi","gain",1,1,1,0,0,0
212,"Lo","gain",2,2,1,0,0,0
212,"Lo","gain",2,2,1,0,0,0
212,"Hi","loss",3,3,2,1,-1,0
212,"Lo","loss",4,4,2,1,0,1
212,"Lo","gain",2,2,1,0,0,0
212,"Hi","loss",3,3,1,0,-1,0
212,"Lo","loss",4,4,2,1,0,1
212,"Hi","gain",1,1,1,0,0,0
212,"Hi","gain",1,1,1,0,0,0
212,"Hi","loss",3,3,2,1,0,1
212,"Hi","gain",1,1,2,1,1,1
212,"Hi","loss",3,3,1,0,-1,0
212,"Lo","gain",2,2,2,1,0.1,1
212,"Hi","gain",1,1,1,0,0,0
212,"Lo","loss",4,4,1,0,-0.1,0
212,"Lo","loss",4,4,2,1,-0.1,0
212,"Lo","gain",2,2,1,0,0,0
212,"Lo","loss",4,4,2,1,0,1
212,"Lo","gain",2,2,1,0,0.1,1
212,"Hi","loss",3,3,2,1,0,1
212,"Hi","gain",1,1,2,1,1,1
212,"Lo","loss",4,4,2,1,0,1
212,"Hi","gain",1,1,2,1,1,1
212,"Lo","gain",2,2,1,0,0,0
212,"Hi","loss",3,3,2,1,0,1
212,"Hi","loss",3,3,2,1,0,1
212,"Hi","gain",1,1,2,1,0,0
212,"Hi","loss",3,3,2,1,0,1
212,"Lo","loss",4,4,2,1,0,1
212,"Hi","loss",3,3,2,1,-1,0
212,"Lo","loss",4,4,1,0,-0.1,0
212,"Lo","gain",2,2,1,0,0,0
212,"Lo","gain",2,2,2,1,0.1,1
212,"Hi","gain",1,1,2,1,1,1
212,"Lo","gain",2,2,2,1,0,0
212,"Lo","loss",4,4,2,1,-0.1,0
212,"Lo","loss",4,4,2,1,0,1
212,"Lo","gain",2,2,2,1,0.1,1
212,"Lo","loss",4,4,1,0,-0.1,0
212,"Hi","gain",1,1,2,1,1,1
212,"Lo","gain",2,2,2,1,0.1,1
212,"Hi","loss",3,3,2,1,0,1
212,"Hi","gain",1,1,2,1,1,1
212,"Lo","loss",4,4,2,1,-0.1,0
212,"Hi","loss",3,3,2,1,0,1
212,"Hi","gain",1,1,2,1,0,0
212,"Lo","gain",2,2,2,1,0.1,1
212,"Lo","gain",2,2,2,1,0,0
212,"Lo","loss",4,4,2,1,0,1
212,"Hi","gain",1,1,2,1,1,1
212,"Hi","loss",3,3,2,1,0,1
212,"Hi","loss",3,3,2,1,-1,0
212,"Lo","loss",8,4,1,0,0,1
212,"Lo","loss",8,4,2,1,0,1
212,"Lo","gain",6,2,1,0,0,0
212,"Lo","loss",8,4,1,0,-0.1,0
212,"Hi","gain",5,1,2,1,1,1
212,"Hi","gain",5,1,2,1,1,1
212,"Lo","gain",6,2,1,0,0,0
212,"Hi","loss",7,3,1,0,-1,0
212,"Lo","gain",6,2,1,0,0,0
212,"Hi","gain",5,1,2,1,1,1
212,"Hi","gain",5,1,2,1,0,0
212,"Lo","gain",6,2,2,1,0,0
212,"Hi","loss",7,3,2,1,-1,0
212,"Hi","loss",7,3,1,0,-1,0
212,"Hi","loss",7,3,1,0,-1,0
212,"Lo","loss",8,4,1,0,-0.1,0
212,"Lo","gain",6,2,1,0,0,0
212,"Lo","gain",6,2,2,1,0.1,1
212,"Lo","gain",6,2,2,1,0.1,1
212,"Hi","loss",7,3,1,0,0,1
212,"Lo","loss",8,4,2,1,0,1
212,"Lo","loss",8,4,1,0,-0.1,0
212,"Hi","loss",7,3,1,0,-1,0
212,"Lo","loss",8,4,2,1,-0.1,0
212,"Lo","loss",8,4,2,1,0,1
212,"Hi","gain",5,1,2,1,1,1
212,"Hi","gain",5,1,2,1,0,0
212,"Hi","loss",7,3,1,0,-1,0
212,"Hi","gain",5,1,2,1,1,1
212,"Lo","gain",6,2,2,1,0.1,1
212,"Hi","loss",7,3,2,1,-1,0
212,"Hi","gain",5,1,2,1,1,1
212,"Hi","gain",5,1,2,1,1,1
212,"Hi","gain",5,1,2,1,0,0
212,"Hi","gain",5,1,2,1,1,1
212,"Lo","gain",6,2,2,1,0,0
212,"Hi","loss",7,3,1,0,0,1
212,"Hi","gain",5,1,2,1,1,1
212,"Hi","loss",7,3,1,0,-1,0
212,"Lo","loss",8,4,2,1,0,1
212,"Hi","loss",7,3,1,0,-1,0
212,"Lo","gain",6,2,2,1,0.1,1
212,"Lo","loss",8,4,2,1,-0.1,0
212,"Lo","loss",8,4,2,1,0,1
212,"Hi","loss",7,3,2,1,0,1
212,"Lo","loss",8,4,2,1,0,1
212,"Lo","gain",6,2,2,1,0.1,1
212,"Lo","gain",6,2,2,1,0.1,1
212,"Lo","gain",6,2,2,1,0.1,1
212,"Hi","loss",7,3,2,1,0,1
212,"Hi","loss",7,3,2,1,0,1
212,"Lo","gain",6,2,2,1,0,0
212,"Hi","gain",5,1,2,1,1,1
212,"Lo","gain",6,2,2,1,0.1,1
212,"Hi","gain",5,1,2,1,1,1
212,"Lo","loss",8,4,2,1,0,1
212,"Hi","gain",5,1,2,1,1,1
212,"Lo","gain",6,2,2,1,0.1,1
212,"Lo","loss",8,4,2,1,0,1
212,"Hi","gain",5,1,2,1,0,0
212,"Lo","loss",8,4,2,1,0,1
212,"Hi","loss",7,3,2,1,-1,0
212,"Hi","loss",7,3,2,1,0,1
212,"Lo","loss",8,4,2,1,-0.1,0
212,"Hi","loss",7,3,2,1,0,1
212,"Lo","gain",6,2,2,1,0,0
212,"Hi","loss",7,3,2,1,0,1
212,"Lo","loss",8,4,2,1,0,1
212,"Lo","loss",8,4,1,0,-0.1,0
212,"Lo","gain",6,2,2,1,0.1,1
212,"Lo","loss",8,4,2,1,0,1
212,"Hi","gain",5,1,2,1,0,0
212,"Hi","gain",5,1,2,1,1,1
212,"Lo","gain",6,2,1,0,0.1,1
212,"Hi","gain",5,1,2,1,1,1
212,"Hi","loss",7,3,2,1,0,1
212,"Lo","gain",6,2,1,0,0,0
212,"Hi","gain",5,1,2,1,1,1
212,"Lo","loss",8,4,2,1,0,1
212,"Hi","loss",7,3,2,1,-1,0
213,"Hi","gain",1,1,1,0,1,1
213,"Hi","loss",3,3,2,1,0,1
213,"Lo","loss",4,4,1,0,-0.1,0
213,"Hi","gain",1,1,1,0,0,0
213,"Lo","gain",2,2,1,0,0,0
213,"Hi","loss",3,3,2,1,-1,0
213,"Hi","gain",1,1,1,0,0,0
213,"Lo","gain",2,2,2,1,0.1,1
213,"Lo","loss",4,4,2,1,-0.1,0
213,"Lo","loss",4,4,2,1,0,1
213,"Lo","gain",2,2,1,0,0,0
213,"Hi","gain",1,1,1,0,0,0
213,"Hi","loss",3,3,1,0,-1,0
213,"Lo","gain",2,2,2,1,0,0
213,"Lo","loss",4,4,1,0,-0.1,0
213,"Hi","loss",3,3,1,0,0,1
213,"Lo","loss",4,4,2,1,0,1
213,"Hi","gain",1,1,2,1,1,1
213,"Lo","gain",2,2,1,0,0,0
213,"Hi","gain",1,1,2,1,1,1
213,"Hi","gain",1,1,2,1,0,0
213,"Lo","loss",4,4,1,0,-0.1,0
213,"Lo","loss",4,4,2,1,0,1
213,"Lo","gain",2,2,2,1,0.1,1
213,"Lo","loss",4,4,1,0,0,1
213,"Hi","loss",3,3,1,0,0,1
213,"Hi","loss",3,3,1,0,-1,0
213,"Hi","loss",3,3,2,1,0,1
213,"Hi","gain",1,1,1,0,0,0
213,"Hi","loss",3,3,2,1,-1,0
213,"Lo","gain",2,2,2,1,0.1,1
213,"Lo","gain",2,2,1,0,0,0
213,"Lo","loss",4,4,1,0,-0.1,0
213,"Hi","gain",1,1,1,0,1,1
213,"Lo","loss",4,4,2,1,0,1
213,"Hi","gain",1,1,2,1,0,0
213,"Lo","loss",4,4,1,0,-0.1,0
213,"Lo","gain",2,2,1,0,0,0
213,"Hi","loss",3,3,1,0,0,1
213,"Lo","gain",2,2,1,0,0,0
213,"Hi","loss",3,3,2,1,0,1
213,"Lo","gain",2,2,1,0,0,0
213,"Lo","gain",2,2,2,1,0,0
213,"Hi","gain",1,1,1,0,0,0
213,"Hi","loss",3,3,2,1,0,1
213,"Hi","gain",1,1,1,0,0,0
213,"Lo","loss",4,4,1,0,-0.1,0
213,"Hi","loss",3,3,2,1,0,1
213,"Hi","loss",3,3,2,1,0,1
213,"Lo","gain",2,2,1,0,0.1,1
213,"Lo","gain",2,2,1,0,0,0
213,"Hi","gain",1,1,1,0,1,1
213,"Lo","loss",4,4,1,0,-0.1,0
213,"Lo","loss",4,4,2,1,-0.1,0
213,"Hi","loss",3,3,2,1,-1,0
213,"Lo","gain",2,2,1,0,0,0
213,"Lo","loss",4,4,1,0,-0.1,0
213,"Lo","loss",4,4,2,1,0,1
213,"Hi","loss",3,3,1,0,0,1
213,"Lo","gain",2,2,1,0,0,0
213,"Hi","gain",1,1,1,0,0,0
213,"Hi","gain",1,1,1,0,0,0
213,"Hi","gain",1,1,2,1,0,0
213,"Hi","loss",3,3,1,0,-1,0
213,"Hi","gain",1,1,2,1,0,0
213,"Lo","loss",4,4,2,1,0,1
213,"Hi","loss",3,3,1,0,-1,0
213,"Lo","gain",2,2,1,0,0,0
213,"Hi","loss",3,3,2,1,-1,0
213,"Lo","loss",4,4,1,0,-0.1,0
213,"Lo","loss",4,4,1,0,-0.1,0
213,"Hi","loss",3,3,1,0,-1,0
213,"Hi","gain",1,1,1,0,0,0
213,"Hi","loss",3,3,1,0,-1,0
213,"Lo","gain",2,2,2,1,0.1,1
213,"Hi","gain",1,1,1,0,1,1
213,"Lo","loss",4,4,1,0,-0.1,0
213,"Lo","gain",2,2,2,1,0.1,1
213,"Lo","gain",2,2,1,0,0,0
213,"Hi","gain",1,1,1,0,0,0
213,"Lo","gain",6,2,1,0,0,0
213,"Lo","gain",6,2,2,1,0.1,1
213,"Hi","gain",5,1,2,1,1,1
213,"Lo","gain",6,2,2,1,0.1,1
213,"Lo","loss",8,4,1,0,-0.1,0
213,"Hi","gain",5,1,1,0,0,0
213,"Hi","gain",5,1,2,1,0,0
213,"Hi","gain",5,1,1,0,0,0
213,"Hi","loss",7,3,1,0,-1,0
213,"Hi","loss",7,3,1,0,-1,0
213,"Lo","loss",8,4,1,0,-0.1,0
213,"Hi","loss",7,3,2,1,-1,0
213,"Lo","gain",6,2,2,1,0,0
213,"Lo","loss",8,4,2,1,0,1
213,"Lo","loss",8,4,2,1,0,1
213,"Hi","loss",7,3,1,0,-1,0
213,"Hi","gain",5,1,2,1,1,1
213,"Lo","loss",8,4,2,1,0,1
213,"Hi","loss",7,3,2,1,0,1
213,"Hi","loss",7,3,2,1,0,1
213,"Lo","gain",6,2,2,1,0.1,1
213,"Hi","gain",5,1,2,1,0,0
213,"Lo","gain",6,2,2,1,0.1,1
213,"Hi","gain",5,1,2,1,1,1
213,"Lo","loss",8,4,2,1,-0.1,0
213,"Lo","gain",6,2,1,0,0.1,1
213,"Hi","gain",5,1,2,1,1,1
213,"Lo","loss",8,4,2,1,0,1
213,"Hi","loss",7,3,1,0,-1,0
213,"Lo","loss",8,4,2,1,0,1
213,"Lo","gain",6,2,2,1,0.1,1
213,"Hi","loss",7,3,2,1,0,1
213,"Hi","gain",5,1,2,1,1,1
213,"Hi","loss",7,3,2,1,-1,0
213,"Hi","loss",7,3,2,1,0,1
213,"Hi","gain",5,1,2,1,1,1
213,"Lo","gain",6,2,2,1,0.1,1
213,"Lo","loss",8,4,2,1,0,1
213,"Hi","loss",7,3,2,1,0,1
213,"Lo","loss",8,4,2,1,0,1
213,"Hi","loss",7,3,2,1,0,1
213,"Lo","gain",6,2,2,1,0.1,1
213,"Lo","gain",6,2,2,1,0,0
213,"Lo","loss",8,4,2,1,-0.1,0
213,"Hi","gain",5,1,1,0,0,0
213,"Lo","loss",8,4,2,1,0,1
213,"Lo","gain",6,2,2,1,0.1,1
213,"Hi","gain",5,1,2,1,1,1
213,"Lo","gain",6,2,2,1,0.1,1
213,"Hi","loss",7,3,2,1,0,1
213,"Lo","loss",8,4,2,1,-0.1,0
213,"Lo","gain",6,2,2,1,0.1,1
213,"Hi","gain",5,1,2,1,1,1
213,"Hi","gain",5,1,2,1,1,1
213,"Lo","loss",8,4,2,1,0,1
213,"Lo","gain",6,2,2,1,0.1,1
213,"Lo","gain",6,2,2,1,0,0
213,"Lo","loss",8,4,2,1,0,1
213,"Hi","loss",7,3,2,1,-1,0
213,"Hi","gain",5,1,2,1,1,1
213,"Lo","loss",8,4,2,1,0,1
213,"Hi","loss",7,3,2,1,0,1
213,"Hi","loss",7,3,2,1,0,1
213,"Hi","gain",5,1,2,1,0,0
213,"Lo","gain",6,2,2,1,0.1,1
213,"Lo","loss",8,4,2,1,0,1
213,"Hi","gain",5,1,1,0,1,1
213,"Hi","loss",7,3,2,1,0,1
213,"Lo","loss",8,4,2,1,0,1
213,"Hi","loss",7,3,2,1,0,1
213,"Lo","loss",8,4,2,1,-0.1,0
213,"Lo","gain",6,2,2,1,0.1,1
213,"Hi","loss",7,3,2,1,-1,0
213,"Lo","gain",6,2,2,1,0,0
213,"Lo","loss",8,4,2,1,0,1
213,"Lo","gain",6,2,1,0,0,0
213,"Hi","gain",5,1,1,0,0,0
213,"Hi","gain",5,1,2,1,0,0
213,"Hi","gain",5,1,1,0,0,0
213,"Hi","loss",7,3,2,1,0,1
214,"Lo","gain",2,2,2,1,0.1,1
214,"Lo","loss",4,4,1,0,-0.1,0
214,"Hi","loss",3,3,2,1,0,1
214,"Lo","gain",2,2,2,1,0.1,1
214,"Hi","gain",1,1,1,0,0,0
214,"Hi","loss",3,3,1,0,-1,0
214,"Lo","gain",2,2,2,1,0,0
214,"Hi","loss",3,3,2,1,0,1
214,"Lo","gain",2,2,2,1,0.1,1
214,"Hi","gain",1,1,2,1,1,1
214,"Lo","loss",4,4,1,0,-0.1,0
214,"Hi","gain",1,1,1,0,0,0
214,"Lo","loss",4,4,1,0,-0.1,0
214,"Lo","loss",4,4,2,1,0,1
214,"Hi","gain",1,1,1,0,1,1
214,"Hi","loss",3,3,2,1,0,1
214,"Lo","gain",2,2,2,1,0.1,1
214,"Lo","loss",4,4,2,1,-0.1,0
214,"Hi","loss",3,3,2,1,0,1
214,"Hi","gain",1,1,1,0,0,0
214,"Hi","gain",1,1,1,0,1,1
214,"Lo","loss",4,4,1,0,-0.1,0
214,"Lo","gain",2,2,2,1,0.1,1
214,"Lo","gain",2,2,2,1,0.1,1
214,"Hi","gain",1,1,1,0,0,0
214,"Hi","loss",3,3,1,0,-1,0
214,"Lo","loss",4,4,2,1,0,1
214,"Hi","loss",3,3,2,1,-1,0
214,"Lo","loss",4,4,2,1,0,1
214,"Lo","gain",2,2,2,1,0,0
214,"Hi","gain",1,1,1,0,0,0
214,"Hi","loss",3,3,2,1,0,1
214,"Hi","loss",3,3,2,1,0,1
214,"Lo","gain",2,2,2,1,0.1,1
214,"Lo","loss",4,4,2,1,0,1
214,"Lo","gain",2,2,2,1,0.1,1
214,"Lo","loss",4,4,2,1,0,1
214,"Hi","gain",1,1,1,0,1,1
214,"Lo","loss",4,4,2,1,-0.1,0
214,"Hi","gain",1,1,1,0,0,0
214,"Hi","loss",3,3,2,1,-1,0
214,"Hi","loss",3,3,2,1,0,1
214,"Hi","loss",3,3,2,1,0,1
214,"Lo","loss",4,4,2,1,0,1
214,"Hi","gain",1,1,1,0,0,0
214,"Hi","gain",1,1,1,0,0,0
214,"Lo","gain",2,2,2,1,0,0
214,"Lo","gain",2,2,2,1,0.1,1
214,"Lo","gain",2,2,2,1,0.1,1
214,"Lo","gain",2,2,2,1,0,0
214,"Hi","loss",3,3,2,1,-1,0
214,"Hi","gain",1,1,1,0,0,0
214,"Hi","gain",1,1,1,0,0,0
214,"Lo","gain",2,2,2,1,0.1,1
214,"Hi","loss",3,3,2,1,0,1
214,"Lo","loss",4,4,2,1,0,1
214,"Lo","loss",4,4,2,1,-0.1,0
214,"Hi","loss",3,3,2,1,0,1
214,"Lo","loss",4,4,1,0,-0.1,0
214,"Lo","gain",2,2,2,1,0.1,1
214,"Hi","gain",1,1,1,0,0,0
214,"Hi","loss",3,3,2,1,0,1
214,"Lo","loss",4,4,2,1,0,1
214,"Hi","gain",1,1,1,0,1,1
214,"Hi","loss",3,3,2,1,0,1
214,"Hi","loss",3,3,2,1,0,1
214,"Hi","gain",1,1,1,0,1,1
214,"Hi","gain",1,1,1,0,0,0
214,"Lo","loss",4,4,2,1,0,1
214,"Lo","loss",4,4,2,1,0,1
214,"Hi","loss",3,3,2,1,-1,0
214,"Lo","gain",2,2,2,1,0,0
214,"Lo","gain",2,2,1,0,0,0
214,"Lo","loss",4,4,2,1,0,1
214,"Lo","loss",4,4,2,1,-0.1,0
214,"Hi","gain",1,1,1,0,0,0
214,"Lo","gain",2,2,2,1,0.1,1
214,"Hi","gain",1,1,1,0,0,0
214,"Hi","loss",3,3,2,1,0,1
214,"Lo","gain",2,2,2,1,0.1,1
214,"Hi","gain",5,1,1,0,0,0
214,"Lo","loss",8,4,1,0,-0.1,0
214,"Lo","loss",8,4,1,0,-0.1,0
214,"Lo","gain",6,2,1,0,0,0
214,"Lo","gain",6,2,2,1,0.1,1
214,"Hi","loss",7,3,2,1,-1,0
214,"Hi","loss",7,3,2,1,0,1
214,"Hi","loss",7,3,1,0,0,1
214,"Hi","gain",5,1,2,1,1,1
214,"Hi","gain",5,1,2,1,1,1
214,"Lo","loss",8,4,1,0,0,1
214,"Hi","gain",5,1,2,1,1,1
214,"Lo","gain",6,2,2,1,0.1,1
214,"Hi","loss",7,3,2,1,0,1
214,"Lo","loss",8,4,1,0,-0.1,0
214,"Lo","gain",6,2,2,1,0.1,1
214,"Hi","loss",7,3,2,1,-1,0
214,"Lo","loss",8,4,2,1,0,1
214,"Lo","gain",6,2,2,1,0.1,1
214,"Hi","loss",7,3,1,0,-1,0
214,"Lo","gain",6,2,2,1,0,0
214,"Lo","gain",6,2,2,1,0.1,1
214,"Hi","gain",5,1,2,1,1,1
214,"Lo","loss",8,4,1,0,-0.1,0
214,"Hi","gain",5,1,2,1,1,1
214,"Hi","loss",7,3,2,1,0,1
214,"Hi","gain",5,1,2,1,0,0
214,"Lo","loss",8,4,1,0,0,1
214,"Lo","loss",8,4,1,0,-0.1,0
214,"Hi","loss",7,3,1,0,0,1
214,"Lo","gain",6,2,2,1,0.1,1
214,"Hi","gain",5,1,2,1,1,1
214,"Hi","gain",5,1,2,1,1,1
214,"Hi","loss",7,3,1,0,-1,0
214,"Hi","gain",5,1,2,1,1,1
214,"Lo","gain",6,2,2,1,0,0
214,"Lo","gain",6,2,2,1,0.1,1
214,"Hi","loss",7,3,2,1,0,1
214,"Lo","loss",8,4,2,1,0,1
214,"Hi","gain",5,1,2,1,0,0
214,"Lo","loss",8,4,2,1,-0.1,0
214,"Lo","gain",6,2,2,1,0.1,1
214,"Hi","loss",7,3,2,1,-1,0
214,"Lo","loss",8,4,2,1,0,1
214,"Hi","gain",5,1,2,1,1,1
214,"Lo","loss",8,4,1,0,0,1
214,"Lo","gain",6,2,2,1,0.1,1
214,"Hi","loss",7,3,1,0,-1,0
214,"Hi","loss",7,3,2,1,0,1
214,"Hi","gain",5,1,2,1,1,1
214,"Hi","loss",7,3,1,0,0,1
214,"Lo","loss",8,4,2,1,0,1
214,"Hi","gain",5,1,2,1,1,1
214,"Lo","gain",6,2,2,1,0.1,1
214,"Lo","gain",6,2,2,1,0,0
214,"Lo","gain",6,2,2,1,0.1,1
214,"Lo","loss",8,4,1,0,-0.1,0
214,"Hi","loss",7,3,2,1,-1,0
214,"Hi","gain",5,1,2,1,1,1
214,"Hi","loss",7,3,1,0,-1,0
214,"Lo","loss",8,4,1,0,0,1
214,"Hi","gain",5,1,2,1,0,0
214,"Lo","gain",6,2,2,1,0.1,1
214,"Lo","loss",8,4,2,1,0,1
214,"Hi","loss",7,3,1,0,0,1
214,"Lo","loss",8,4,2,1,0,1
214,"Hi","loss",7,3,1,0,-1,0
214,"Lo","gain",6,2,2,1,0.1,1
214,"Lo","loss",8,4,1,0,-0.1,0
214,"Lo","gain",6,2,2,1,0.1,1
214,"Hi","loss",7,3,2,1,0,1
214,"Lo","gain",6,2,2,1,0,0
214,"Hi","gain",5,1,2,1,0,0
214,"Lo","loss",8,4,2,1,-0.1,0
214,"Hi","loss",7,3,2,1,0,1
214,"Hi","gain",5,1,1,0,1,1
214,"Lo","loss",8,4,2,1,0,1
214,"Lo","gain",6,2,2,1,0.1,1
214,"Hi","gain",5,1,2,1,1,1
214,"Hi","gain",5,1,2,1,1,1
215,"Lo","loss",4,4,1,0,-0.1,0
215,"Hi","gain",1,1,2,1,1,1
215,"Lo","gain",2,2,1,0,0,0
215,"Lo","gain",2,2,2,1,0.1,1
215,"Hi","gain",1,1,2,1,1,1
215,"Hi","loss",3,3,1,0,0,1
215,"Hi","loss",3,3,2,1,0,1
215,"Hi","gain",1,1,2,1,1,1
215,"Lo","loss",4,4,1,0,-0.1,0
215,"Hi","gain",1,1,2,1,0,0
215,"Lo","gain",2,2,1,0,0,0
215,"Lo","gain",2,2,1,0,0,0
215,"Hi","loss",3,3,2,1,0,1
215,"Hi","loss",3,3,2,1,-1,0
215,"Lo","loss",4,4,2,1,-0.1,0
215,"Lo","loss",4,4,2,1,0,1
215,"Lo","gain",2,2,1,0,0,0
215,"Lo","loss",4,4,1,0,0,1
215,"Hi","gain",1,1,2,1,0,0
215,"Lo","loss",4,4,2,1,-0.1,0
215,"Hi","loss",3,3,1,0,-1,0
215,"Lo","loss",4,4,1,0,-0.1,0
215,"Lo","loss",4,4,1,0,-0.1,0
215,"Hi","loss",3,3,1,0,-1,0
215,"Hi","gain",1,1,2,1,1,1
215,"Lo","gain",2,2,1,0,0,0
215,"Hi","gain",1,1,2,1,1,1
215,"Hi","gain",1,1,2,1,1,1
215,"Hi","loss",3,3,2,1,0,1
215,"Lo","gain",2,2,1,0,0,0
215,"Hi","loss",3,3,2,1,0,1
215,"Lo","gain",2,2,1,0,0.1,1
215,"Lo","gain",2,2,1,0,0,0
215,"Hi","loss",3,3,2,1,0,1
215,"Hi","gain",1,1,2,1,1,1
215,"Hi","gain",1,1,2,1,1,1
215,"Lo","loss",4,4,1,0,-0.1,0
215,"Lo","loss",4,4,1,0,-0.1,0
215,"Hi","gain",1,1,2,1,0,0
215,"Hi","loss",3,3,2,1,0,1
215,"Hi","gain",1,1,2,1,1,1
215,"Lo","loss",4,4,1,0,0,1
215,"Lo","gain",2,2,1,0,0,0
215,"Hi","loss",3,3,2,1,-1,0
215,"Lo","gain",2,2,1,0,0.1,1
215,"Hi","loss",3,3,2,1,0,1
215,"Lo","gain",2,2,1,0,0,0
215,"Lo","loss",4,4,1,0,-0.1,0
215,"Lo","loss",4,4,1,0,-0.1,0
215,"Lo","gain",2,2,1,0,0.1,1
215,"Hi","gain",1,1,2,1,1,1
215,"Lo","gain",2,2,1,0,0,0
215,"Hi","gain",1,1,2,1,0,0
215,"Lo","gain",2,2,1,0,0,0
215,"Lo","loss",4,4,1,0,0,1
215,"Lo","loss",4,4,1,0,-0.1,0
215,"Hi","gain",1,1,2,1,1,1
215,"Lo","loss",4,4,1,0,-0.1,0
215,"Hi","loss",3,3,2,1,0,1
215,"Hi","gain",1,1,2,1,1,1
215,"Lo","gain",2,2,1,0,0,0
215,"Hi","loss",3,3,2,1,-1,0
215,"Hi","loss",3,3,1,0,-1,0
215,"Hi","loss",3,3,2,1,0,1
215,"Hi","gain",1,1,2,1,0,0
215,"Lo","gain",2,2,1,0,0.1,1
215,"Hi","gain",1,1,2,1,1,1
215,"Lo","loss",4,4,1,0,-0.1,0
215,"Hi","loss",3,3,2,1,0,1
215,"Lo","gain",2,2,1,0,0,0
215,"Hi","loss",3,3,2,1,0,1
215,"Hi","loss",3,3,2,1,-1,0
215,"Hi","gain",1,1,2,1,1,1
215,"Hi","gain",1,1,2,1,1,1
215,"Lo","loss",4,4,2,1,0,1
215,"Hi","loss",3,3,2,1,0,1
215,"Lo","loss",4,4,2,1,-0.1,0
215,"Lo","loss",4,4,2,1,0,1
215,"Lo","gain",2,2,1,0,0,0
215,"Lo","gain",2,2,1,0,0,0
215,"Lo","gain",6,2,2,1,0.1,1
215,"Lo","gain",6,2,2,1,0,0
215,"Lo","gain",6,2,2,1,0.1,1
215,"Hi","loss",7,3,1,0,0,1
215,"Hi","loss",7,3,2,1,0,1
215,"Hi","gain",5,1,2,1,1,1
215,"Lo","loss",8,4,2,1,-0.1,0
215,"Hi","loss",7,3,1,0,-1,0
215,"Hi","loss",7,3,2,1,0,1
215,"Lo","loss",8,4,2,1,0,1
215,"Hi","gain",5,1,2,1,1,1
215,"Lo","loss",8,4,2,1,0,1
215,"Lo","gain",6,2,2,1,0.1,1
215,"Hi","gain",5,1,2,1,0,0
215,"Lo","loss",8,4,2,1,0,1
215,"Hi","gain",5,1,2,1,1,1
215,"Lo","loss",8,4,2,1,-0.1,0
215,"Lo","loss",8,4,2,1,0,1
215,"Lo","loss",8,4,2,1,0,1
215,"Lo","gain",6,2,2,1,0.1,1
215,"Hi","gain",5,1,2,1,1,1
215,"Hi","gain",5,1,2,1,1,1
215,"Hi","loss",7,3,2,1,0,1
215,"Hi","gain",5,1,2,1,1,1
215,"Lo","loss",8,4,2,1,0,1
215,"Hi","loss",7,3,2,1,0,1
215,"Hi","gain",5,1,2,1,0,0
215,"Lo","gain",6,2,2,1,0.1,1
215,"Hi","loss",7,3,2,1,-1,0
215,"Lo","gain",6,2,2,1,0,0
215,"Hi","loss",7,3,2,1,0,1
215,"Lo","gain",6,2,2,1,0.1,1
215,"Lo","loss",8,4,2,1,0,1
215,"Lo","gain",6,2,2,1,0.1,1
215,"Lo","loss",8,4,2,1,-0.1,0
215,"Lo","gain",6,2,2,1,0,0
215,"Lo","gain",6,2,2,1,0.1,1
215,"Lo","loss",8,4,2,1,0,1
215,"Lo","loss",8,4,2,1,0,1
215,"Hi","gain",5,1,2,1,1,1
215,"Hi","loss",7,3,2,1,0,1
215,"Hi","loss",7,3,2,1,0,1
215,"Lo","gain",6,2,2,1,0.1,1
215,"Hi","loss",7,3,2,1,0,1
215,"Hi","gain",5,1,2,1,1,1
215,"Hi","gain",5,1,2,1,0,0
215,"Hi","gain",5,1,2,1,1,1
215,"Hi","loss",7,3,2,1,-1,0
215,"Hi","gain",5,1,2,1,1,1
215,"Hi","loss",7,3,2,1,-1,0
215,"Lo","gain",6,2,2,1,0.1,1
215,"Hi","gain",5,1,2,1,0,0
215,"Lo","loss",8,4,2,1,0,1
215,"Lo","gain",6,2,2,1,0,0
215,"Lo","loss",8,4,2,1,0,1
215,"Hi","gain",5,1,2,1,1,1
215,"Lo","loss",8,4,2,1,0,1
215,"Lo","gain",6,2,2,1,0.1,1
215,"Hi","gain",5,1,2,1,1,1
215,"Hi","loss",7,3,2,1,0,1
215,"Lo","gain",6,2,2,1,0.1,1
215,"Hi","loss",7,3,2,1,0,1
215,"Lo","loss",8,4,2,1,-0.1,0
215,"Hi","loss",7,3,2,1,0,1
215,"Lo","loss",8,4,2,1,0,1
215,"Hi","gain",5,1,2,1,0,0
215,"Hi","gain",5,1,2,1,1,1
215,"Lo","loss",8,4,2,1,0,1
215,"Lo","gain",6,2,2,1,0,0
215,"Hi","loss",7,3,2,1,-1,0
215,"Lo","gain",6,2,2,1,0.1,1
215,"Lo","loss",8,4,2,1,0,1
215,"Lo","gain",6,2,2,1,0.1,1
215,"Hi","gain",5,1,2,1,1,1
215,"Lo","loss",8,4,2,1,-0.1,0
215,"Hi","gain",5,1,2,1,1,1
215,"Hi","loss",7,3,2,1,0,1
215,"Hi","loss",7,3,2,1,0,1
215,"Lo","gain",6,2,2,1,0.1,1
215,"Hi","loss",7,3,2,1,0,1
216,"Lo","loss",4,4,2,1,-0.1,0
216,"Hi","loss",3,3,1,0,-1,0
216,"Lo","loss",4,4,1,0,-0.1,0
216,"Hi","loss",3,3,2,1,0,1
216,"Lo","loss",4,4,2,1,0,1
216,"Lo","gain",2,2,2,1,0.1,1
216,"Hi","loss",3,3,1,0,-1,0
216,"Lo","gain",2,2,1,0,0,0
216,"Hi","gain",1,1,1,0,0,0
216,"Hi","gain",1,1,1,0,1,1
216,"Hi","gain",1,1,1,0,0,0
216,"Lo","gain",2,2,2,1,0.1,1
216,"Lo","gain",2,2,2,1,0,0
216,"Hi","loss",3,3,1,0,-1,0
216,"Hi","gain",1,1,1,0,0,0
216,"Lo","loss",4,4,2,1,0,1
216,"Hi","gain",1,1,2,1,1,1
216,"Lo","gain",2,2,1,0,0,0
216,"Lo","loss",4,4,2,1,0,1
216,"Hi","gain",1,1,2,1,1,1
216,"Hi","loss",3,3,2,1,-1,0
216,"Lo","loss",4,4,2,1,-0.1,0
216,"Hi","loss",3,3,2,1,0,1
216,"Lo","loss",4,4,2,1,0,1
216,"Lo","gain",2,2,1,0,0,0
216,"Lo","gain",2,2,1,0,0.1,1
216,"Hi","loss",3,3,2,1,0,1
216,"Hi","gain",1,1,2,1,0,0
216,"Lo","gain",2,2,2,1,0.1,1
216,"Lo","loss",4,4,2,1,0,1
216,"Hi","gain",1,1,2,1,1,1
216,"Hi","loss",3,3,1,0,0,1
216,"Lo","loss",4,4,1,0,-0.1,0
216,"Hi","loss",3,3,1,0,-1,0
216,"Hi","gain",1,1,2,1,1,1
216,"Lo","loss",4,4,2,1,0,1
216,"Hi","loss",3,3,1,0,0,1
216,"Lo","loss",4,4,2,1,0,1
216,"Lo","gain",2,2,2,1,0.1,1
216,"Hi","gain",1,1,2,1,1,1
216,"Hi","gain",1,1,2,1,0,0
216,"Lo","gain",2,2,2,1,0.1,1
216,"Lo","gain",2,2,2,1,0.1,1
216,"Lo","loss",4,4,2,1,0,1
216,"Hi","loss",3,3,1,0,-1,0
216,"Hi","gain",1,1,2,1,1,1
216,"Lo","gain",2,2,2,1,0,0
216,"Hi","loss",3,3,1,0,-1,0
216,"Lo","gain",2,2,1,0,0,0
216,"Lo","loss",4,4,1,0,-0.1,0
216,"Hi","gain",1,1,2,1,1,1
216,"Lo","loss",4,4,2,1,0,1
216,"Lo","gain",2,2,1,0,0.1,1
216,"Hi","loss",3,3,1,0,-1,0
216,"Lo","loss",4,4,2,1,0,1
216,"Lo","gain",2,2,2,1,0.1,1
216,"Hi","loss",3,3,2,1,0,1
216,"Hi","loss",3,3,2,1,0,1
216,"Lo","gain",2,2,1,0,0,0
216,"Hi","gain",1,1,1,0,0,0
216,"Hi","gain",1,1,2,1,0,0
216,"Hi","gain",1,1,2,1,1,1
216,"Hi","loss",3,3,2,1,-1,0
216,"Lo","loss",4,4,2,1,-0.1,0
216,"Hi","gain",1,1,2,1,1,1
216,"Hi","loss",3,3,2,1,0,1
216,"Lo","gain",2,2,2,1,0.1,1
216,"Lo","gain",2,2,2,1,0.1,1
216,"Hi","gain",1,1,2,1,1,1
216,"Hi","gain",1,1,2,1,1,1
216,"Lo","loss",4,4,2,1,0,1
216,"Hi","loss",3,3,2,1,-1,0
216,"Lo","gain",2,2,2,1,0.1,1
216,"Lo","gain",2,2,2,1,0,0
216,"Lo","loss",4,4,2,1,0,1
216,"Lo","loss",4,4,2,1,0,1
216,"Hi","loss",3,3,1,0,0,1
216,"Lo","loss",4,4,1,0,-0.1,0
216,"Hi","loss",3,3,2,1,0,1
216,"Hi","gain",1,1,2,1,0,0
216,"Lo","loss",8,4,2,1,-0.1,0
216,"Hi","loss",7,3,1,0,-1,0
216,"Lo","loss",8,4,1,0,-0.1,0
216,"Hi","loss",7,3,2,1,0,1
216,"Lo","loss",8,4,2,1,0,1
216,"Lo","gain",6,2,2,1,0.1,1
216,"Hi","loss",7,3,1,0,-1,0
216,"Lo","gain",6,2,1,0,0,0
216,"Hi","gain",5,1,1,0,0,0
216,"Hi","gain",5,1,1,0,1,1
216,"Hi","gain",5,1,1,0,0,0
216,"Lo","gain",6,2,2,1,0.1,1
216,"Lo","gain",6,2,2,1,0,0
216,"Hi","loss",7,3,1,0,-1,0
216,"Hi","gain",5,1,1,0,0,0
216,"Lo","loss",8,4,2,1,0,1
216,"Hi","gain",5,1,2,1,1,1
216,"Lo","gain",6,2,1,0,0,0
216,"Lo","loss",8,4,2,1,0,1
216,"Hi","gain",5,1,2,1,1,1
216,"Hi","loss",7,3,2,1,-1,0
216,"Lo","loss",8,4,2,1,-0.1,0
216,"Hi","loss",7,3,2,1,0,1
216,"Lo","loss",8,4,2,1,0,1
216,"Lo","gain",6,2,1,0,0,0
216,"Lo","gain",6,2,1,0,0.1,1
216,"Hi","loss",7,3,2,1,0,1
216,"Hi","gain",5,1,2,1,0,0
216,"Lo","gain",6,2,2,1,0.1,1
216,"Lo","loss",8,4,2,1,0,1
216,"Hi","gain",5,1,2,1,1,1
216,"Hi","loss",7,3,1,0,0,1
216,"Lo","loss",8,4,1,0,-0.1,0
216,"Hi","loss",7,3,1,0,-1,0
216,"Hi","gain",5,1,2,1,1,1
216,"Lo","loss",8,4,2,1,0,1
216,"Hi","loss",7,3,1,0,0,1
216,"Lo","loss",8,4,2,1,0,1
216,"Lo","gain",6,2,2,1,0.1,1
216,"Hi","gain",5,1,2,1,1,1
216,"Hi","gain",5,1,2,1,0,0
216,"Lo","gain",6,2,2,1,0.1,1
216,"Lo","gain",6,2,2,1,0.1,1
216,"Lo","loss",8,4,2,1,0,1
216,"Hi","loss",7,3,1,0,-1,0
216,"Hi","gain",5,1,2,1,1,1
216,"Lo","gain",6,2,2,1,0,0
216,"Hi","loss",7,3,1,0,-1,0
216,"Lo","gain",6,2,1,0,0,0
216,"Lo","loss",8,4,1,0,-0.1,0
216,"Hi","gain",5,1,2,1,1,1
216,"Lo","loss",8,4,2,1,0,1
216,"Lo","gain",6,2,1,0,0.1,1
216,"Hi","loss",7,3,1,0,-1,0
216,"Lo","loss",8,4,2,1,0,1
216,"Lo","gain",6,2,2,1,0.1,1
216,"Hi","loss",7,3,2,1,0,1
216,"Hi","loss",7,3,2,1,0,1
216,"Lo","gain",6,2,1,0,0,0
216,"Hi","gain",5,1,1,0,0,0
216,"Hi","gain",5,1,2,1,0,0
216,"Hi","gain",5,1,2,1,1,1
216,"Hi","loss",7,3,2,1,-1,0
216,"Lo","loss",8,4,2,1,-0.1,0
216,"Hi","gain",5,1,2,1,1,1
216,"Hi","loss",7,3,2,1,0,1
216,"Lo","gain",6,2,2,1,0.1,1
216,"Lo","gain",6,2,2,1,0.1,1
216,"Hi","gain",5,1,2,1,1,1
216,"Hi","gain",5,1,2,1,1,1
216,"Lo","loss",8,4,2,1,0,1
216,"Hi","loss",7,3,2,1,-1,0
216,"Lo","gain",6,2,2,1,0.1,1
216,"Lo","gain",6,2,2,1,0,0
216,"Lo","loss",8,4,2,1,0,1
216,"Lo","loss",8,4,2,1,0,1
216,"Hi","loss",7,3,1,0,0,1
216,"Lo","loss",8,4,1,0,-0.1,0
216,"Hi","loss",7,3,2,1,0,1
216,"Hi","gain",5,1,2,1,0,0
217,"Hi","gain",1,1,1,0,0,0
217,"Lo","loss",4,4,1,0,-0.1,0
217,"Hi","loss",3,3,1,0,-1,0
217,"Hi","gain",1,1,1,0,0,0
217,"Hi","loss",3,3,2,1,0,1
217,"Hi","gain",1,1,2,1,1,1
217,"Lo","gain",2,2,2,1,0.1,1
217,"Lo","loss",4,4,1,0,-0.1,0
217,"Lo","gain",2,2,2,1,0.1,1
217,"Lo","gain",2,2,1,0,0,0
217,"Hi","loss",3,3,2,1,-1,0
217,"Hi","gain",1,1,1,0,0,0
217,"Lo","loss",4,4,2,1,0,1
217,"Hi","loss",3,3,2,1,0,1
217,"Lo","gain",2,2,1,0,0,0
217,"Lo","loss",4,4,2,1,0,1
217,"Hi","loss",3,3,1,0,-1,0
217,"Lo","gain",2,2,2,1,0.1,1
217,"Lo","gain",2,2,1,0,0,0
217,"Lo","loss",4,4,2,1,-0.1,0
217,"Hi","loss",3,3,1,0,-1,0
217,"Lo","loss",4,4,2,1,0,1
217,"Lo","gain",2,2,1,0,0,0
217,"Hi","loss",3,3,1,0,-1,0
217,"Lo","loss",4,4,2,1,0,1
217,"Hi","gain",1,1,1,0,0,0
217,"Hi","loss",3,3,2,1,0,1
217,"Lo","gain",2,2,1,0,0,0
217,"Hi","gain",1,1,2,1,0,0
217,"Hi","gain",1,1,2,1,1,1
217,"Lo","loss",4,4,1,0,0,1
217,"Hi","gain",1,1,2,1,1,1
217,"Lo","loss",4,4,2,1,0,1
217,"Hi","loss",3,3,2,1,0,1
217,"Lo","loss",4,4,1,0,0,1
217,"Hi","gain",1,1,1,0,0,0
217,"Hi","loss",3,3,2,1,0,1
217,"Hi","loss",3,3,2,1,0,1
217,"Hi","gain",1,1,2,1,0,0
217,"Hi","gain",1,1,2,1,1,1
217,"Hi","loss",3,3,2,1,-1,0
217,"Hi","gain",1,1,1,0,1,1
217,"Lo","loss",4,4,2,1,0,1
217,"Lo","gain",2,2,2,1,0,0
217,"Lo","gain",2,2,1,0,0.1,1
217,"Lo","gain",2,2,1,0,0,0
217,"Lo","gain",2,2,1,0,0,0
217,"Lo","loss",4,4,1,0,-0.1,0
217,"Hi","gain",1,1,1,0,0,0
217,"Lo","gain",2,2,2,1,0,0
217,"Hi","gain",1,1,2,1,0,0
217,"Lo","loss",4,4,1,0,-0.1,0
217,"Lo","gain",2,2,1,0,0,0
217,"Hi","loss",3,3,2,1,-1,0
217,"Lo","loss",4,4,1,0,0,1
217,"Lo","gain",2,2,1,0,0,0
217,"Lo","gain",2,2,1,0,0.1,1
217,"Lo","loss",4,4,2,1,-0.1,0
217,"Lo","loss",4,4,1,0,-0.1,0
217,"Hi","loss",3,3,1,0,-1,0
217,"Hi","gain",1,1,1,0,0,0
217,"Hi","gain",1,1,2,1,1,1
217,"Hi","loss",3,3,1,0,-1,0
217,"Hi","loss",3,3,2,1,0,1
217,"Lo","gain",2,2,1,0,0,0
217,"Lo","loss",4,4,1,0,-0.1,0
217,"Lo","gain",2,2,1,0,0.1,1
217,"Lo","loss",4,4,1,0,0,1
217,"Lo","loss",4,4,1,0,-0.1,0
217,"Hi","gain",1,1,1,0,1,1
217,"Lo","gain",2,2,1,0,0,0
217,"Lo","loss",4,4,2,1,0,1
217,"Hi","gain",1,1,1,0,0,0
217,"Hi","loss",3,3,2,1,-1,0
217,"Hi","loss",3,3,2,1,0,1
217,"Lo","gain",2,2,1,0,0,0
217,"Hi","loss",3,3,2,1,0,1
217,"Hi","loss",3,3,1,0,0,1
217,"Hi","gain",1,1,1,0,0,0
217,"Hi","gain",1,1,2,1,1,1
217,"Lo","loss",8,4,1,0,-0.1,0
217,"Hi","gain",5,1,1,0,0,0
217,"Lo","gain",6,2,2,1,0.1,1
217,"Hi","gain",5,1,1,0,0,0
217,"Hi","loss",7,3,2,1,0,1
217,"Hi","loss",7,3,2,1,0,1
217,"Lo","loss",8,4,2,1,0,1
217,"Lo","gain",6,2,1,0,0,0
217,"Hi","gain",5,1,1,0,0,0
217,"Lo","gain",6,2,2,1,0.1,1
217,"Lo","loss",8,4,2,1,0,1
217,"Hi","gain",5,1,1,0,1,1
217,"Lo","gain",6,2,2,1,0.1,1
217,"Hi","loss",7,3,1,0,-1,0
217,"Hi","loss",7,3,2,1,-1,0
217,"Lo","loss",8,4,2,1,0,1
217,"Lo","loss",8,4,2,1,0,1
217,"Lo","gain",6,2,2,1,0.1,1
217,"Lo","gain",6,2,2,1,0.1,1
217,"Hi","gain",5,1,1,0,1,1
217,"Hi","gain",5,1,1,0,0,0
217,"Hi","gain",5,1,1,0,0,0
217,"Lo","gain",6,2,2,1,0,0
217,"Hi","loss",7,3,2,1,0,1
217,"Lo","loss",8,4,1,0,-0.1,0
217,"Hi","loss",7,3,2,1,0,1
217,"Lo","gain",6,2,2,1,0.1,1
217,"Lo","loss",8,4,1,0,-0.1,0
217,"Hi","loss",7,3,2,1,-1,0
217,"Lo","loss",8,4,2,1,-0.1,0
217,"Hi","loss",7,3,2,1,0,1
217,"Hi","gain",5,1,1,0,0,0
217,"Lo","loss",8,4,2,1,0,1
217,"Lo","gain",6,2,2,1,0.1,1
217,"Lo","gain",6,2,2,1,0,0
217,"Lo","gain",6,2,2,1,0.1,1
217,"Hi","gain",5,1,1,0,0,0
217,"Hi","loss",7,3,2,1,-1,0
217,"Hi","loss",7,3,1,0,0,1
217,"Lo","gain",6,2,2,1,0.1,1
217,"Hi","loss",7,3,1,0,-1,0
217,"Hi","gain",5,1,1,0,0,0
217,"Lo","loss",8,4,2,1,0,1
217,"Lo","loss",8,4,2,1,0,1
217,"Lo","loss",8,4,2,1,-0.1,0
217,"Hi","gain",5,1,1,0,1,1
217,"Hi","gain",5,1,1,0,0,0
217,"Hi","loss",7,3,2,1,0,1
217,"Hi","loss",7,3,2,1,0,1
217,"Hi","loss",7,3,2,1,-1,0
217,"Hi","loss",7,3,2,1,0,1
217,"Lo","gain",6,2,2,1,0,0
217,"Lo","loss",8,4,1,0,-0.1,0
217,"Lo","gain",6,2,2,1,0.1,1
217,"Hi","loss",7,3,2,1,0,1
217,"Hi","gain",5,1,1,0,0,0
217,"Lo","loss",8,4,2,1,0,1
217,"Hi","gain",5,1,2,1,1,1
217,"Lo","gain",6,2,2,1,0.1,1
217,"Hi","gain",5,1,2,1,1,1
217,"Lo","gain",6,2,2,1,0.1,1
217,"Lo","loss",8,4,2,1,0,1
217,"Hi","gain",5,1,2,1,1,1
217,"Lo","loss",8,4,2,1,-0.1,0
217,"Lo","gain",6,2,2,1,0.1,1
217,"Lo","gain",6,2,2,1,0.1,1
217,"Lo","loss",8,4,2,1,0,1
217,"Lo","gain",6,2,2,1,0.1,1
217,"Hi","gain",5,1,2,1,1,1
217,"Hi","loss",7,3,2,1,0,1
217,"Hi","loss",7,3,2,1,0,1
217,"Lo","loss",8,4,2,1,0,1
217,"Lo","gain",6,2,2,1,0,0
217,"Hi","gain",5,1,2,1,1,1
217,"Lo","loss",8,4,2,1,-0.1,0
217,"Hi","gain",5,1,2,1,1,1
217,"Hi","gain",5,1,2,1,0,0
217,"Lo","loss",8,4,2,1,0,1
217,"Hi","loss",7,3,2,1,-1,0
217,"Hi","loss",7,3,1,0,-1,0
218,"Lo","gain",2,2,2,1,0,0
218,"Hi","loss",3,3,1,0,0,1
218,"Lo","loss",4,4,1,0,-0.1,0
218,"Hi","loss",3,3,1,0,-1,0
218,"Hi","gain",1,1,1,0,1,1
218,"Lo","gain",2,2,1,0,0,0
218,"Lo","loss",4,4,1,0,-0.1,0
218,"Hi","loss",3,3,1,0,-1,0
218,"Lo","gain",2,2,2,1,0.1,1
218,"Lo","loss",4,4,1,0,-0.1,0
218,"Hi","gain",1,1,1,0,0,0
218,"Lo","gain",2,2,2,1,0.1,1
218,"Hi","gain",1,1,1,0,0,0
218,"Hi","gain",1,1,1,0,0,0
218,"Hi","loss",3,3,1,0,-1,0
218,"Lo","loss",4,4,2,1,0,1
218,"Hi","loss",3,3,1,0,0,1
218,"Hi","gain",1,1,1,0,1,1
218,"Lo","gain",2,2,2,1,0.1,1
218,"Hi","gain",1,1,1,0,0,0
218,"Hi","gain",1,1,2,1,1,1
218,"Lo","loss",4,4,2,1,-0.1,0
218,"Lo","loss",4,4,2,1,0,1
218,"Lo","gain",2,2,2,1,0,0
218,"Lo","loss",4,4,2,1,0,1
218,"Hi","loss",3,3,2,1,0,1
218,"Hi","loss",3,3,2,1,0,1
218,"Hi","gain",1,1,1,0,0,0
218,"Lo","gain",2,2,2,1,0.1,1
218,"Hi","loss",3,3,1,0,-1,0
218,"Lo","loss",4,4,2,1,0,1
218,"Lo","gain",2,2,2,1,0.1,1
218,"Lo","gain",2,2,2,1,0.1,1
218,"Hi","gain",1,1,1,0,0,0
218,"Lo","gain",2,2,2,1,0,0
218,"Hi","gain",1,1,2,1,1,1
218,"Hi","loss",3,3,2,1,0,1
218,"Lo","loss",4,4,2,1,0,1
218,"Lo","loss",4,4,2,1,-0.1,0
218,"Hi","gain",1,1,2,1,0,0
218,"Hi","gain",1,1,2,1,1,1
218,"Lo","loss",4,4,2,1,0,1
218,"Lo","loss",4,4,2,1,0,1
218,"Lo","gain",2,2,2,1,0.1,1
218,"Hi","loss",3,3,1,0,-1,0
218,"Hi","loss",3,3,2,1,0,1
218,"Lo","gain",2,2,2,1,0.1,1
218,"Hi","loss",3,3,2,1,-1,0
218,"Lo","gain",2,2,2,1,0,0
218,"Lo","loss",4,4,2,1,-0.1,0
218,"Hi","gain",1,1,2,1,1,1
218,"Lo","gain",2,2,2,1,0.1,1
218,"Hi","loss",3,3,2,1,-1,0
218,"Lo","loss",4,4,2,1,0,1
218,"Lo","loss",4,4,2,1,0,1
218,"Lo","gain",2,2,2,1,0.1,1
218,"Hi","gain",1,1,2,1,1,1
218,"Lo","loss",4,4,2,1,0,1
218,"Hi","gain",1,1,2,1,1,1
218,"Hi","loss",3,3,2,1,0,1
218,"Hi","loss",3,3,2,1,0,1
218,"Hi","loss",3,3,2,1,0,1
218,"Lo","gain",2,2,2,1,0.1,1
218,"Hi","gain",1,1,2,1,0,0
218,"Lo","gain",2,2,2,1,0.1,1
218,"Hi","gain",1,1,2,1,1,1
218,"Lo","gain",2,2,2,1,0,0
218,"Hi","loss",3,3,2,1,0,1
218,"Lo","loss",4,4,2,1,0,1
218,"Lo","loss",4,4,2,1,0,1
218,"Lo","loss",4,4,2,1,-0.1,0
218,"Hi","loss",3,3,2,1,0,1
218,"Hi","loss",3,3,2,1,0,1
218,"Hi","loss",3,3,2,1,-1,0
218,"Hi","gain",1,1,2,1,1,1
218,"Hi","gain",1,1,2,1,1,1
218,"Lo","gain",2,2,2,1,0.1,1
218,"Lo","gain",2,2,2,1,0.1,1
218,"Lo","loss",4,4,2,1,0,1
218,"Hi","gain",1,1,2,1,0,0
218,"Hi","loss",7,3,2,1,-1,0
218,"Hi","gain",5,1,2,1,1,1
218,"Hi","loss",7,3,1,0,-1,0
218,"Lo","gain",6,2,2,1,0.1,1
218,"Lo","loss",8,4,1,0,-0.1,0
218,"Lo","loss",8,4,1,0,0,1
218,"Hi","loss",7,3,1,0,-1,0
218,"Lo","loss",8,4,2,1,0,1
218,"Hi","gain",5,1,2,1,1,1
218,"Lo","gain",6,2,2,1,0.1,1
218,"Lo","gain",6,2,2,1,0,0
218,"Hi","gain",5,1,2,1,1,1
218,"Hi","loss",7,3,1,0,-1,0
218,"Lo","gain",6,2,2,1,0.1,1
218,"Lo","loss",8,4,1,0,-0.1,0
218,"Hi","gain",5,1,2,1,0,0
218,"Hi","loss",7,3,2,1,0,1
218,"Lo","loss",8,4,1,0,-0.1,0
218,"Lo","loss",8,4,1,0,0,1
218,"Hi","loss",7,3,2,1,-1,0
218,"Hi","loss",7,3,1,0,-1,0
218,"Lo","gain",6,2,2,1,0,0
218,"Lo","gain",6,2,2,1,0.1,1
218,"Lo","loss",8,4,1,0,-0.1,0
218,"Lo","gain",6,2,2,1,0.1,1
218,"Hi","gain",5,1,2,1,1,1
218,"Lo","gain",6,2,2,1,0.1,1
218,"Hi","loss",7,3,1,0,0,1
218,"Hi","gain",5,1,2,1,0,0
218,"Hi","gain",5,1,2,1,1,1
218,"Lo","loss",8,4,1,0,-0.1,0
218,"Hi","gain",5,1,2,1,1,1
218,"Hi","gain",5,1,2,1,0,0
218,"Hi","gain",5,1,2,1,1,1
218,"Hi","loss",7,3,1,0,-1,0
218,"Lo","loss",8,4,1,0,0,1
218,"Lo","loss",8,4,1,0,-0.1,0
218,"Hi","loss",7,3,2,1,0,1
218,"Hi","gain",5,1,2,1,1,1
218,"Lo","loss",8,4,1,0,-0.1,0
218,"Hi","loss",7,3,2,1,0,1
218,"Hi","gain",5,1,2,1,1,1
218,"Hi","loss",7,3,2,1,0,1
218,"Lo","gain",6,2,2,1,0.1,1
218,"Lo","gain",6,2,2,1,0.1,1
218,"Lo","loss",8,4,2,1,0,1
218,"Lo","gain",6,2,2,1,0.1,1
218,"Lo","gain",6,2,2,1,0,0
218,"Lo","gain",6,2,1,0,0,0
218,"Lo","gain",6,2,1,0,0,0
218,"Hi","gain",5,1,2,1,1,1
218,"Lo","gain",6,2,2,1,0.1,1
218,"Hi","loss",7,3,1,0,-1,0
218,"Hi","gain",5,1,2,1,0,0
218,"Hi","loss",7,3,1,0,0,1
218,"Hi","gain",5,1,2,1,1,1
218,"Lo","loss",8,4,1,0,-0.1,0
218,"Hi","loss",7,3,1,0,-1,0
218,"Hi","loss",7,3,1,0,-1,0
218,"Hi","gain",5,1,2,1,1,1
218,"Lo","gain",6,2,2,1,0.1,1
218,"Lo","loss",8,4,1,0,-0.1,0
218,"Lo","loss",8,4,1,0,-0.1,0
218,"Lo","loss",8,4,2,1,0,1
218,"Lo","gain",6,2,2,1,0.1,1
218,"Hi","gain",5,1,2,1,0,0
218,"Lo","loss",8,4,2,1,0,1
218,"Lo","gain",6,2,1,0,0,0
218,"Hi","gain",5,1,2,1,1,1
218,"Hi","loss",7,3,2,1,0,1
218,"Lo","loss",8,4,2,1,0,1
218,"Hi","gain",5,1,2,1,1,1
218,"Lo","loss",8,4,1,0,-0.1,0
218,"Lo","loss",8,4,1,0,-0.1,0
218,"Hi","loss",7,3,1,0,-1,0
218,"Lo","gain",6,2,2,1,0.1,1
218,"Lo","gain",6,2,1,0,0.1,1
218,"Hi","gain",5,1,2,1,1,1
218,"Hi","loss",7,3,2,1,0,1
218,"Hi","loss",7,3,2,1,-1,0
219,"Lo","loss",4,4,2,1,0,1
219,"Hi","gain",1,1,2,1,1,1
219,"Lo","loss",4,4,2,1,-0.1,0
219,"Lo","loss",4,4,1,0,-0.1,0
219,"Hi","loss",3,3,1,0,0,1
219,"Hi","gain",1,1,2,1,0,0
219,"Lo","gain",2,2,1,0,0,0
219,"Lo","gain",2,2,1,0,0.1,1
219,"Hi","gain",1,1,2,1,1,1
219,"Hi","loss",3,3,2,1,-1,0
219,"Hi","loss",3,3,1,0,-1,0
219,"Lo","gain",2,2,1,0,0,0
219,"Hi","gain",1,1,2,1,1,1
219,"Hi","loss",3,3,1,0,-1,0
219,"Lo","loss",4,4,2,1,0,1
219,"Lo","gain",2,2,1,0,0,0
219,"Hi","gain",1,1,2,1,0,0
219,"Lo","loss",4,4,2,1,0,1
219,"Hi","gain",1,1,2,1,1,1
219,"Lo","loss",4,4,2,1,0,1
219,"Lo","loss",4,4,2,1,0,1
219,"Hi","loss",3,3,1,0,-1,0
219,"Hi","loss",3,3,2,1,0,1
219,"Hi","gain",1,1,2,1,1,1
219,"Lo","loss",4,4,2,1,-0.1,0
219,"Hi","gain",1,1,2,1,1,1
219,"Hi","loss",3,3,2,1,0,1
219,"Lo","gain",2,2,1,0,0.1,1
219,"Hi","loss",3,3,2,1,-1,0
219,"Lo","gain",2,2,1,0,0,0
219,"Lo","gain",2,2,1,0,0,0
219,"Lo","gain",2,2,1,0,0,0
219,"Hi","gain",1,1,2,1,1,1
219,"Lo","gain",2,2,1,0,0,0
219,"Hi","gain",1,1,2,1,1,1
219,"Hi","gain",1,1,2,1,0,0
219,"Lo","loss",4,4,2,1,0,1
219,"Hi","loss",3,3,2,1,0,1
219,"Hi","loss",3,3,2,1,0,1
219,"Lo","gain",2,2,1,0,0,0
219,"Lo","loss",4,4,1,0,-0.1,0
219,"Lo","gain",2,2,1,0,0,0
219,"Lo","gain",2,2,1,0,0.1,1
219,"Hi","gain",1,1,2,1,1,1
219,"Hi","loss",3,3,2,1,0,1
219,"Lo","loss",4,4,2,1,0,1
219,"Hi","loss",3,3,2,1,-1,0
219,"Lo","loss",4,4,2,1,-0.1,0
219,"Lo","gain",2,2,1,0,0,0
219,"Lo","gain",2,2,1,0,0.1,1
219,"Hi","loss",3,3,2,1,0,1
219,"Hi","gain",1,1,2,1,1,1
219,"Lo","loss",4,4,2,1,0,1
219,"Lo","loss",4,4,2,1,0,1
219,"Hi","loss",3,3,2,1,0,1
219,"Lo","gain",2,2,1,0,0,0
219,"Hi","loss",3,3,2,1,0,1
219,"Hi","gain",1,1,2,1,1,1
219,"Hi","gain",1,1,2,1,0,0
219,"Hi","gain",1,1,2,1,1,1
219,"Lo","loss",4,4,2,1,-0.1,0
219,"Hi","loss",3,3,2,1,-1,0
219,"Lo","loss",4,4,2,1,0,1
219,"Lo","gain",2,2,2,1,0.1,1
219,"Hi","gain",1,1,2,1,1,1
219,"Lo","loss",4,4,2,1,-0.1,0
219,"Lo","loss",4,4,2,1,0,1
219,"Hi","gain",1,1,2,1,0,0
219,"Hi","loss",3,3,2,1,0,1
219,"Lo","gain",2,2,2,1,0.1,1
219,"Lo","gain",2,2,2,1,0.1,1
219,"Hi","loss",3,3,2,1,0,1
219,"Hi","gain",1,1,2,1,1,1
219,"Lo","gain",2,2,2,1,0,0
219,"Hi","loss",3,3,2,1,-1,0
219,"Lo","loss",4,4,2,1,0,1
219,"Lo","gain",2,2,2,1,0.1,1
219,"Hi","gain",1,1,2,1,1,1
219,"Hi","loss",3,3,2,1,0,1
219,"Lo","loss",4,4,2,1,0,1
219,"Lo","gain",6,2,1,0,0,0
219,"Hi","gain",5,1,1,0,0,0
219,"Hi","gain",5,1,2,1,1,1
219,"Hi","loss",7,3,1,0,-1,0
219,"Lo","loss",8,4,1,0,0,1
219,"Hi","gain",5,1,2,1,0,0
219,"Lo","loss",8,4,2,1,0,1
219,"Hi","loss",7,3,1,0,0,1
219,"Lo","loss",8,4,1,0,-0.1,0
219,"Lo","gain",6,2,2,1,0,0
219,"Hi","gain",5,1,2,1,1,1
219,"Lo","gain",6,2,1,0,0,0
219,"Lo","gain",6,2,1,0,0.1,1
219,"Lo","loss",8,4,1,0,-0.1,0
219,"Hi","loss",7,3,2,1,0,1
219,"Hi","loss",7,3,2,1,0,1
219,"Hi","gain",5,1,2,1,1,1
219,"Lo","gain",6,2,1,0,0,0
219,"Lo","gain",6,2,1,0,0,0
219,"Hi","loss",7,3,1,0,-1,0
219,"Lo","gain",6,2,1,0,0.1,1
219,"Hi","loss",7,3,2,1,0,1
219,"Lo","gain",6,2,1,0,0,0
219,"Lo","loss",8,4,2,1,0,1
219,"Hi","loss",7,3,2,1,0,1
219,"Hi","loss",7,3,2,1,-1,0
219,"Lo","loss",8,4,2,1,-0.1,0
219,"Lo","loss",8,4,1,0,-0.1,0
219,"Hi","gain",5,1,2,1,1,1
219,"Lo","loss",8,4,2,1,0,1
219,"Hi","gain",5,1,2,1,1,1
219,"Hi","gain",5,1,2,1,0,0
219,"Hi","loss",7,3,2,1,0,1
219,"Hi","gain",5,1,2,1,0,0
219,"Lo","gain",6,2,1,0,0,0
219,"Hi","loss",7,3,2,1,-1,0
219,"Hi","loss",7,3,2,1,0,1
219,"Lo","loss",8,4,2,1,0,1
219,"Lo","gain",6,2,2,1,0,0
219,"Hi","gain",5,1,2,1,1,1
219,"Lo","gain",6,2,1,0,0,0
219,"Lo","loss",8,4,2,1,0,1
219,"Lo","gain",6,2,1,0,0.1,1
219,"Lo","loss",8,4,2,1,-0.1,0
219,"Hi","loss",7,3,2,1,0,1
219,"Lo","loss",8,4,1,0,-0.1,0
219,"Hi","gain",5,1,2,1,1,1
219,"Hi","gain",5,1,2,1,1,1
219,"Lo","loss",8,4,2,1,0,1
219,"Hi","loss",7,3,2,1,0,1
219,"Lo","gain",6,2,1,0,0,0
219,"Lo","loss",8,4,2,1,0,1
219,"Hi","gain",5,1,2,1,1,1
219,"Lo","gain",6,2,1,0,0.1,1
219,"Hi","gain",5,1,2,1,1,1
219,"Hi","gain",5,1,2,1,1,1
219,"Hi","loss",7,3,2,1,-1,0
219,"Lo","gain",6,2,1,0,0,0
219,"Hi","gain",5,1,2,1,0,0
219,"Lo","loss",8,4,2,1,0,1
219,"Lo","gain",6,2,1,0,0,0
219,"Hi","loss",7,3,2,1,0,1
219,"Hi","loss",7,3,2,1,0,1
219,"Lo","loss",8,4,2,1,-0.1,0
219,"Lo","loss",8,4,2,1,0,1
219,"Lo","gain",6,2,1,0,0.1,1
219,"Hi","gain",5,1,2,1,1,1
219,"Hi","loss",7,3,2,1,-1,0
219,"Lo","gain",6,2,1,0,0,0
219,"Lo","loss",8,4,2,1,0,1
219,"Lo","gain",6,2,1,0,0,0
219,"Hi","loss",7,3,2,1,0,1
219,"Lo","gain",6,2,1,0,0,0
219,"Hi","gain",5,1,2,1,0,0
219,"Hi","loss",7,3,2,1,0,1
219,"Hi","gain",5,1,2,1,1,1
219,"Lo","loss",8,4,1,0,-0.1,0
219,"Lo","loss",8,4,2,1,-0.1,0
219,"Hi","gain",5,1,2,1,1,1
219,"Hi","loss",7,3,2,1,0,1
220,"Lo","gain",2,2,2,1,0,0
220,"Hi","loss",3,3,2,1,0,1
220,"Lo","loss",4,4,2,1,-0.1,0
220,"Lo","loss",4,4,1,0,-0.1,0
220,"Hi","loss",3,3,1,0,-1,0
220,"Lo","loss",4,4,1,0,0,1
220,"Lo","loss",4,4,2,1,0,1
220,"Lo","gain",2,2,2,1,0.1,1
220,"Hi","loss",3,3,2,1,0,1
220,"Hi","gain",1,1,2,1,1,1
220,"Hi","loss",3,3,2,1,-1,0
220,"Hi","gain",1,1,2,1,1,1
220,"Hi","gain",1,1,2,1,0,0
220,"Lo","gain",2,2,1,0,0.1,1
220,"Lo","gain",2,2,1,0,0,0
220,"Hi","gain",1,1,2,1,1,1
220,"Hi","gain",1,1,2,1,1,1
220,"Lo","gain",2,2,1,0,0.1,1
220,"Lo","gain",2,2,1,0,0,0
220,"Hi","gain",1,1,2,1,1,1
220,"Lo","loss",4,4,1,0,-0.1,0
220,"Hi","gain",1,1,2,1,0,0
220,"Lo","loss",4,4,1,0,0,1
220,"Hi","loss",3,3,2,1,0,1
220,"Lo","loss",4,4,1,0,-0.1,0
220,"Lo","loss",4,4,1,0,-0.1,0
220,"Hi","loss",3,3,2,1,0,1
220,"Hi","loss",3,3,2,1,-1,0
220,"Hi","gain",1,1,2,1,1,1
220,"Lo","gain",2,2,1,0,0,0
220,"Lo","gain",2,2,1,0,0,0
220,"Hi","loss",3,3,1,0,-1,0
220,"Hi","gain",1,1,2,1,1,1
220,"Hi","gain",1,1,2,1,1,1
220,"Lo","gain",2,2,2,1,0.1,1
220,"Lo","loss",4,4,2,1,0,1
220,"Lo","loss",4,4,2,1,0,1
220,"Hi","loss",3,3,2,1,0,1
220,"Hi","gain",1,1,2,1,1,1
220,"Lo","gain",2,2,2,1,0.1,1
220,"Hi","loss",3,3,2,1,-1,0
220,"Hi","gain",1,1,2,1,0,0
220,"Lo","gain",2,2,1,0,0.1,1
220,"Lo","loss",4,4,2,1,-0.1,0
220,"Hi","loss",3,3,2,1,0,1
220,"Hi","loss",3,3,2,1,0,1
220,"Lo","gain",2,2,1,0,0,0
220,"Lo","loss",4,4,2,1,0,1
220,"Hi","gain",1,1,2,1,1,1
220,"Hi","gain",1,1,2,1,1,1
220,"Hi","loss",3,3,2,1,0,1
220,"Lo","gain",2,2,1,0,0.1,1
220,"Hi","gain",1,1,2,1,0,0
220,"Hi","loss",3,3,2,1,-1,0
220,"Lo","gain",2,2,2,1,0,0
220,"Lo","gain",2,2,2,1,0.1,1
220,"Lo","loss",4,4,2,1,-0.1,0
220,"Hi","loss",3,3,2,1,0,1
220,"Hi","loss",3,3,2,1,0,1
220,"Lo","loss",4,4,2,1,0,1
220,"Lo","loss",4,4,2,1,0,1
220,"Hi","gain",1,1,2,1,1,1
220,"Lo","gain",2,2,1,0,0,0
220,"Lo","loss",4,4,2,1,0,1
220,"Lo","gain",2,2,2,1,0.1,1
220,"Hi","loss",3,3,2,1,-1,0
220,"Hi","loss",3,3,1,0,-1,0
220,"Lo","gain",2,2,1,0,0,0
220,"Lo","gain",2,2,2,1,0.1,1
220,"Hi","gain",1,1,2,1,1,1
220,"Hi","loss",3,3,2,1,0,1
220,"Lo","loss",4,4,2,1,-0.1,0
220,"Lo","gain",2,2,2,1,0,0
220,"Hi","gain",1,1,2,1,1,1
220,"Hi","gain",1,1,2,1,0,0
220,"Lo","loss",4,4,2,1,0,1
220,"Lo","loss",4,4,1,0,0,1
220,"Hi","gain",1,1,2,1,1,1
220,"Lo","loss",4,4,1,0,-0.1,0
220,"Hi","loss",3,3,2,1,0,1
220,"Hi","gain",5,1,1,0,0,0
220,"Lo","loss",8,4,2,1,-0.1,0
220,"Hi","loss",7,3,1,0,0,1
220,"Lo","gain",6,2,2,1,0.1,1
220,"Lo","loss",8,4,1,0,-0.1,0
220,"Lo","gain",6,2,1,0,0,0
220,"Lo","gain",6,2,2,1,0,0
220,"Hi","gain",5,1,1,0,0,0
220,"Lo","loss",8,4,1,0,-0.1,0
220,"Lo","gain",6,2,1,0,0,0
220,"Lo","loss",8,4,2,1,0,1
220,"Hi","gain",5,1,2,1,1,1
220,"Hi","loss",7,3,2,1,0,1
220,"Hi","loss",7,3,2,1,0,1
220,"Hi","gain",5,1,2,1,1,1
220,"Hi","loss",7,3,1,0,-1,0
220,"Lo","loss",8,4,2,1,0,1
220,"Hi","gain",5,1,2,1,0,0
220,"Hi","gain",5,1,2,1,1,1
220,"Lo","loss",8,4,2,1,0,1
220,"Lo","loss",8,4,1,0,0,1
220,"Lo","gain",6,2,1,0,0,0
220,"Lo","gain",6,2,1,0,0,0
220,"Hi","loss",7,3,2,1,0,1
220,"Hi","loss",7,3,2,1,0,1
220,"Hi","gain",5,1,2,1,1,1
220,"Lo","gain",6,2,2,1,0.1,1
220,"Lo","loss",8,4,2,1,-0.1,0
220,"Hi","gain",5,1,2,1,1,1
220,"Lo","gain",6,2,2,1,0.1,1
220,"Hi","loss",7,3,2,1,0,1
220,"Hi","loss",7,3,1,0,0,1
220,"Hi","loss",7,3,1,0,-1,0
220,"Lo","gain",6,2,1,0,0,0
220,"Lo","gain",6,2,2,1,0.1,1
220,"Hi","loss",7,3,1,0,0,1
220,"Hi","gain",5,1,2,1,0,0
220,"Lo","loss",8,4,2,1,-0.1,0
220,"Hi","loss",7,3,1,0,-1,0
220,"Lo","loss",8,4,2,1,0,1
220,"Lo","loss",8,4,2,1,0,1
220,"Hi","gain",5,1,2,1,1,1
220,"Lo","loss",8,4,2,1,0,1
220,"Lo","gain",6,2,2,1,0,0
220,"Hi","loss",7,3,2,1,0,1
220,"Hi","gain",5,1,2,1,1,1
220,"Lo","gain",6,2,2,1,0.1,1
220,"Hi","gain",5,1,2,1,1,1
220,"Lo","loss",8,4,2,1,0,1
220,"Lo","loss",8,4,2,1,0,1
220,"Lo","gain",6,2,2,1,0.1,1
220,"Hi","loss",7,3,2,1,0,1
220,"Lo","loss",8,4,2,1,0,1
220,"Hi","gain",5,1,2,1,1,1
220,"Lo","gain",6,2,2,1,0,0
220,"Hi","loss",7,3,2,1,0,1
220,"Lo","gain",6,2,2,1,0.1,1
220,"Lo","gain",6,2,2,1,0.1,1
220,"Hi","loss",7,3,2,1,0,1
220,"Hi","gain",5,1,2,1,0,0
220,"Lo","loss",8,4,2,1,-0.1,0
220,"Hi","gain",5,1,2,1,1,1
220,"Hi","loss",7,3,2,1,-1,0
220,"Hi","gain",5,1,2,1,1,1
220,"Lo","gain",6,2,2,1,0.1,1
220,"Hi","gain",5,1,2,1,1,1
220,"Hi","loss",7,3,2,1,0,1
220,"Hi","gain",5,1,2,1,1,1
220,"Hi","gain",5,1,2,1,0,0
220,"Lo","loss",8,4,2,1,0,1
220,"Lo","loss",8,4,2,1,0,1
220,"Lo","loss",8,4,2,1,0,1
220,"Hi","gain",5,1,2,1,1,1
220,"Lo","loss",8,4,2,1,-0.1,0
220,"Hi","loss",7,3,2,1,0,1
220,"Hi","loss",7,3,2,1,0,1
220,"Hi","loss",7,3,2,1,-1,0
220,"Lo","gain",6,2,2,1,0,0
220,"Lo","gain",6,2,2,1,0.1,1
220,"Lo","gain",6,2,2,1,0.1,1
